<?xml version="1.0" encoding="UTF-8"?>

<BootstrapImagerows xmlns:xsi="http://www.w3.org/2001/XMLSchema-instance" xsi:noNamespaceSchemaLocation="opencms://system/modules/com.alkacon.bootstrap.schemas/schemas/imagerow.xsd">
  <BootstrapImagerow language="en">
    <Title><![CDATA[Introduction: Add content example]]></Title>
    <Item>
      <Headline><![CDATA[Click 'Add content']]></Headline>
      <Text><![CDATA[Click on 'Add content' in the toolbar.]]></Text>
      <Image>
        <link type="WEAK">
          <target><![CDATA[/sites/default/tutorial/.galleries/intro-images/tut-02.png]]></target>
          <uuid>5254bb9d-47c9-11e3-8474-000c29d28104</uuid>
        </link>
      </Image>
    </Item>
    <Item>
      <Headline><![CDATA[Click on 'Text block']]></Headline>
      <Text><![CDATA[Click on 'Text block' from the list of options.]]></Text>
      <Image>
        <link type="WEAK">
          <target><![CDATA[/sites/default/tutorial/.galleries/intro-images/tut-03.png]]></target>
          <uuid>52884ec0-47c9-11e3-8474-000c29d28104</uuid>
        </link>
      </Image>
    </Item>
    <Item>
      <Headline><![CDATA[Select 'Move to page'<br />]]></Headline>
      <Text><![CDATA[Place the mouse over the 'Drag & Drop' icon on the right.]]></Text>
      <Image>
        <link type="WEAK">
          <target><![CDATA[/sites/default/tutorial/.galleries/intro-images/tut-04.png]]></target>
          <uuid>51e557f7-47c9-11e3-8474-000c29d28104</uuid>
        </link>
      </Image>
    </Item>
    <Item>
      <Headline><![CDATA[Drag &amp; Drop the element]]></Headline>
      <Text><![CDATA[Drag the element in the page and drop it where you want.]]></Text>
      <Image>
        <link type="WEAK">
          <target><![CDATA[/sites/default/tutorial/.galleries/intro-images/tut-05.png]]></target>
          <uuid>5222af1a-47c9-11e3-8474-000c29d28104</uuid>
        </link>
      </Image>
    </Item>
  </BootstrapImagerow>
</BootstrapImagerows>
