<?xml version="1.0" encoding="UTF-8"?>

<BootstrapImagerows xmlns:xsi="http://www.w3.org/2001/XMLSchema-instance" xsi:noNamespaceSchemaLocation="opencms://system/modules/com.alkacon.bootstrap.schemas/schemas/imagerow.xsd">
  <BootstrapImagerow language="en">
    <Title><![CDATA[Introduction: Publish changes]]></Title>
    <Item>
      <Headline><![CDATA[Click on 'Publish' in the toolbar]]></Headline>
      <Text><![CDATA[To open the publish dialog, click 'Publish' in the toolbar.]]></Text>
      <Image>
        <link type="WEAK">
          <target><![CDATA[/sites/default/tutorial/.galleries/intro-images/tut-14.png]]></target>
          <uuid>d41d3d2b-47dc-11e3-8474-000c29d28104</uuid>
        </link>
      </Image>
    </Item>
    <Item>
      <Headline><![CDATA[Select 'My changes']]></Headline>
      <Text><![CDATA[To see all of your recent changes, set the selection to 'My changes'.]]></Text>
      <Image>
        <link type="WEAK">
          <target><![CDATA[/sites/default/tutorial/.galleries/intro-images/tut-15.png]]></target>
          <uuid>d3611915-47dc-11e3-8474-000c29d28104</uuid>
        </link>
      </Image>
    </Item>
    <Item>
      <Headline><![CDATA[Confirm by clicking below]]></Headline>
      <Text><![CDATA[Start the publication by confirming with the button below. ]]></Text>
      <Image>
        <link type="WEAK">
          <target><![CDATA[/sites/default/tutorial/.galleries/intro-images/tut-16.png]]></target>
          <uuid>d3d20358-47dc-11e3-8474-000c29d28104</uuid>
        </link>
      </Image>
    </Item>
  </BootstrapImagerow>
</BootstrapImagerows>
