<?xml version="1.0" encoding="UTF-8"?>

<BootstrapImagerows xmlns:xsi="http://www.w3.org/2001/XMLSchema-instance" xsi:noNamespaceSchemaLocation="opencms://system/modules/com.alkacon.bootstrap.schemas/schemas/imagerow.xsd">
  <BootstrapImagerow language="en">
    <Title><![CDATA[Introduction: Device preview]]></Title>
    <Item>
      <Headline><![CDATA[Click on "Show menu"]]></Headline>
      <Text><![CDATA[Click on 'Show menu'.]]></Text>
      <Image>
        <link type="WEAK">
          <target><![CDATA[/sites/default/tutorial/.galleries/intro-images/tut-11.png]]></target>
          <uuid>549da646-47d9-11e3-8474-000c29d28104</uuid>
        </link>
      </Image>
    </Item>
    <Item>
      <Headline><![CDATA[Select "Show in device"]]></Headline>
      <Text><![CDATA[Select 'Show in device > Mobile > iphone5 (landscape)']]></Text>
      <Image>
        <link type="WEAK">
          <target><![CDATA[/sites/default/tutorial/.galleries/intro-images/tut-12.png]]></target>
          <uuid>541b08c0-47d9-11e3-8474-000c29d28104</uuid>
        </link>
      </Image>
    </Item>
    <Item>
      <Headline><![CDATA[The device preview appears]]></Headline>
      <Text><![CDATA[Check the device preview. Click anywhere outside to close.]]></Text>
      <Image>
        <link type="WEAK">
          <target><![CDATA[/sites/default/tutorial/.galleries/intro-images/tut-13.png]]></target>
          <uuid>546f1c33-47d9-11e3-8474-000c29d28104</uuid>
        </link>
      </Image>
    </Item>
  </BootstrapImagerow>
</BootstrapImagerows>
