<?xml version="1.0" encoding="UTF-8"?>

<NewFormatters xmlns:xsi="http://www.w3.org/2001/XMLSchema-instance" xsi:noNamespaceSchemaLocation="opencms://system/modules/org.opencms.ade.config/schemas/formatters/new_formatter.xsd">
  <NewFormatter language="en">
    <NiceName><![CDATA[Blog entry default formatter]]></NiceName>
    <Type><![CDATA[bs-blog]]></Type>
    <Jsp>
      <link type="WEAK">
        <target><![CDATA[/system/modules/com.alkacon.bootstrap.formatters/formatters/blog.jsp]]></target>
        <uuid>66a4bb4f-4557-11e3-84e1-000c29d28104</uuid>
      </link>
    </Jsp>
    <Rank><![CDATA[1000]]></Rank>
    <Match>
      <Types>
        <ContainerType><![CDATA[content]]></ContainerType>
        <ContainerType><![CDATA[content-full]]></ContainerType>
      </Types>
    </Match>
    <Preview>false</Preview>
    <SearchContent>true</SearchContent>
    <AutoEnabled>true</AutoEnabled>
    <Detail>false</Detail>
    <HeadIncludeCss>
      <CssLink>
        <link type="WEAK">
          <target><![CDATA[/system/modules/com.alkacon.bootstrap.formatters/resources/css/pages/page_search.css]]></target>
          <uuid>0f8061a6-3a3b-11e3-a584-000c2943a707</uuid>
        </link>
      </CssLink>
    </HeadIncludeCss>
    <Setting>
      <PropertyName><![CDATA[imgalign]]></PropertyName>
      <DisplayName><![CDATA[%(key.bootstrap.setting.imgalign)]]></DisplayName>
      <Widget><![CDATA[select]]></Widget>
      <WidgetConfig><![CDATA[left:%(key.bootstrap.setting.image.left)|right:%(key.bootstrap.setting.image.right)]]></WidgetConfig>
    </Setting>
    <Setting>
      <PropertyName><![CDATA[showdate]]></PropertyName>
      <DisplayName><![CDATA[%(key.bootstrap.setting.showdate)]]></DisplayName>
      <Widget><![CDATA[checkbox]]></Widget>
      <Default><![CDATA[true]]></Default>
    </Setting>
    <Setting>
      <PropertyName><![CDATA[color]]></PropertyName>
      <DisplayName><![CDATA[%(key.bootstrap.setting.color)]]></DisplayName>
      <Widget><![CDATA[select]]></Widget>
      <Default><![CDATA[sea]]></Default>
      <WidgetConfig><![CDATA[red:%(key.bootstrap.setting.color.red)|sea:%(key.bootstrap.setting.color.sea)|grey:%(key.bootstrap.setting.color.grey)|green:%(key.bootstrap.setting.color.green)|blue:%(key.bootstrap.setting.color.blue)|orange:%(key.bootstrap.setting.color.orange)|yellow:%(key.bootstrap.setting.color.yellow)]]></WidgetConfig>
    </Setting>
    <Setting>
      <PropertyName><![CDATA[layoutvariant]]></PropertyName>
      <DisplayName><![CDATA[%(key.bootstrap.setting.layoutvariant)]]></DisplayName>
      <Widget><![CDATA[select]]></Widget>
      <Default><![CDATA[top]]></Default>
      <WidgetConfig><![CDATA[top:%(key.bootstrap.setting.layout.top)|left:%(key.bootstrap.setting.layout.left)|box:%(key.bootstrap.setting.layout.box)]]></WidgetConfig>
    </Setting>
    <Setting>
      <PropertyName><![CDATA[buttoncolor]]></PropertyName>
      <DisplayName><![CDATA[%(key.bootstrap.setting.buttoncolor)]]></DisplayName>
      <Widget><![CDATA[select]]></Widget>
      <Default><![CDATA[red]]></Default>
      <WidgetConfig><![CDATA[red:%(key.bootstrap.setting.color.red)|sea:%(key.bootstrap.setting.color.sea)|green:%(key.bootstrap.setting.color.green)|blue:%(key.bootstrap.setting.color.blue)|orange:%(key.bootstrap.setting.color.orange)|yellow:%(key.bootstrap.setting.color.yellow)]]></WidgetConfig>
    </Setting>
    <Setting>
      <PropertyName><![CDATA[teaserlength]]></PropertyName>
      <DisplayName><![CDATA[%(key.bootstrap.setting.teaserlength)]]></DisplayName>
      <Widget><![CDATA[string]]></Widget>
      <Default><![CDATA[200]]></Default>
    </Setting>
  </NewFormatter>
</NewFormatters>
