<?xml version="1.0" encoding="UTF-8"?>

<NewFormatters xmlns:xsi="http://www.w3.org/2001/XMLSchema-instance" xsi:noNamespaceSchemaLocation="opencms://system/modules/org.opencms.ade.config/schemas/formatters/new_formatter.xsd">
  <NewFormatter language="en">
    <NiceName><![CDATA[Jumbotron default formatter]]></NiceName>
    <Type><![CDATA[bs-jumbotron]]></Type>
    <Jsp>
      <link type="WEAK">
        <target><![CDATA[/system/modules/com.alkacon.bootstrap.formatters/formatters/jumbotron.jsp]]></target>
        <uuid>35650c26-1ac9-11e3-a5c5-000c29f9a2ec</uuid>
      </link>
    </Jsp>
    <Rank><![CDATA[1000]]></Rank>
    <Match>
      <Types>
        <ContainerType><![CDATA[content]]></ContainerType>
        <ContainerType><![CDATA[content-full]]></ContainerType>
        <ContainerType><![CDATA[content-wide]]></ContainerType>
      </Types>
    </Match>
    <Preview>false</Preview>
    <SearchContent>true</SearchContent>
    <AutoEnabled>true</AutoEnabled>
    <Detail>true</Detail>
  </NewFormatter>
</NewFormatters>
