<?xml version="1.0" encoding="UTF-8"?>

<BootstrapTeaserrows xmlns:xsi="http://www.w3.org/2001/XMLSchema-instance" xsi:noNamespaceSchemaLocation="opencms://system/modules/com.alkacon.bootstrap.schemas/schemas/teaserrow.xsd">
  <BootstrapTeaserrow language="en">
    <Title><![CDATA[Teaser row with 4 boxes]]></Title>
    <Item>
      <Headline><![CDATA[Fun to use]]></Headline>
      <Icon><![CDATA[Heart]]></Icon>
      <Text><![CDATA[Anim pariatur cliche reprehenderit, enim eiusmod high life accusamus terry richardson ad squid. Non cupidatat skateboard dolor brunch.]]></Text>
      <Color><![CDATA[default]]></Color>
    </Item>
    <Item>
      <Headline><![CDATA[Easy to learn]]></Headline>
      <Icon><![CDATA[Thumbs-Up]]></Icon>
      <Text><![CDATA[Anim pariatur cliche reprehenderit, enim eiusmod high life accusamus terry richardson ad squid. Non cupidatat skateboard dolor brunch.]]></Text>
      <Color><![CDATA[blue]]></Color>
    </Item>
    <Item>
      <Headline><![CDATA[Great features]]></Headline>
      <Icon><![CDATA[Lightbulb]]></Icon>
      <Text><![CDATA[Anim pariatur cliche reprehenderit, enim eiusmod high life accusamus terry richardson ad squid. Non cupidatat skateboard dolor brunch.]]></Text>
      <Color><![CDATA[red]]></Color>
    </Item>
    <Item>
      <Headline><![CDATA[Open Source]]></Headline>
      <Icon><![CDATA[USD]]></Icon>
      <Text><![CDATA[Anim pariatur cliche reprehenderit, enim eiusmod high life accusamus terry richardson ad squid. Non cupidatat skateboard dolor brunch.]]></Text>
      <Color><![CDATA[orange]]></Color>
    </Item>
  </BootstrapTeaserrow>
</BootstrapTeaserrows>
