<?xml version="1.0" encoding="UTF-8"?>

<BootstrapTeaserrows xmlns:xsi="http://www.w3.org/2001/XMLSchema-instance" xsi:noNamespaceSchemaLocation="opencms://system/modules/com.alkacon.bootstrap.schemas/schemas/teaserrow.xsd">
  <BootstrapTeaserrow language="en">
    <Title><![CDATA[Teaser row with 3 boxes]]></Title>
    <Item>
      <Headline><![CDATA[Grey Box]]></Headline>
      <Icon><![CDATA[Lightbulb]]></Icon>
      <Text><![CDATA[Donec id elit non mi porta gravida at eget metus id elit mi egetine. Fusce dapibus, tellus ac cursus comodo egetine metuss gorp.]]></Text>
      <Link>
        <link internal="true" type="WEAK">
          <target><![CDATA[/sites/default/]]></target>
          <uuid>efd833d7-422a-11e3-af03-000c29d28104</uuid>
        </link>
      </Link>
      <Color><![CDATA[grey]]></Color>
    </Item>
    <Item>
      <Headline><![CDATA[Fancy Yellow Box]]></Headline>
      <Icon><![CDATA[Bell]]></Icon>
      <Text><![CDATA[Donec id elit non mi porta gravida at eget metus id elit mi egetine. Fusce dapibus, tellus ac cursus comodo egetine metuss gorp.]]></Text>
      <Color><![CDATA[yellow]]></Color>
    </Item>
    <Item>
      <Headline><![CDATA[A Sea Colored One]]></Headline>
      <Icon><![CDATA[Bullhorn]]></Icon>
      <Text><![CDATA[Donec id elit non mi porta gravida at eget metus id elit mi egetine. Fusce dapibus, tellus ac cursus comodo egetine metuss gorp.]]></Text>
      <Link>
        <link internal="true" type="WEAK">
          <target><![CDATA[/sites/default/]]></target>
          <uuid>efd833d7-422a-11e3-af03-000c29d28104</uuid>
        </link>
      </Link>
      <Color><![CDATA[sea]]></Color>
    </Item>
  </BootstrapTeaserrow>
</BootstrapTeaserrows>
