<?xml version="1.0" encoding="UTF-8"?>

<BootstrapTeaserrows xmlns:xsi="http://www.w3.org/2001/XMLSchema-instance" xsi:noNamespaceSchemaLocation="opencms://system/modules/com.alkacon.bootstrap.schemas/schemas/teaserrow.xsd">
  <BootstrapTeaserrow language="en">
    <Title><![CDATA[Teaser row with 2 elements]]></Title>
    <Item>
      <Headline><![CDATA[Nice Red]]></Headline>
      <Icon><![CDATA[Exclamation]]></Icon>
      <Text><![CDATA[Anim pariatur cliche reprehenderit, enim eiusmod high life accusamus terry richardson ad squid. Non cupidatat skateboard dolor brunch.]]></Text>
      <Color><![CDATA[red]]></Color>
    </Item>
    <Item>
      <Headline><![CDATA[Great Green]]></Headline>
      <Icon><![CDATA[Bullhorn]]></Icon>
      <Text><![CDATA[Anim pariatur cliche reprehenderit, enim eiusmod high life accusamus terry richardson ad squid. Non cupidatat skateboard dolor brunch.]]></Text>
      <Color><![CDATA[green]]></Color>
    </Item>
  </BootstrapTeaserrow>
</BootstrapTeaserrows>
