<?xml version="1.0" encoding="UTF-8"?>

<BootstrapTeaserrows xmlns:xsi="http://www.w3.org/2001/XMLSchema-instance" xsi:noNamespaceSchemaLocation="opencms://system/modules/com.alkacon.bootstrap.schemas/schemas/teaserrow.xsd">
  <BootstrapTeaserrow language="en">
    <Title><![CDATA[Single item teaser row]]></Title>
    <Item>
      <Headline><![CDATA[Super Single Teaser]]></Headline>
      <Icon><![CDATA[Lightbulb]]></Icon>
      <Text><![CDATA[Donec id elit non mi porta gravida at eget metus id elit mi egetine. Fusce dapibus, tellus ac cursus comodo egetine metuss gorp. Anim pariatur cliche reprehenderit, enim eiusmod high life accusamus terry richardson ad squid. Non cupidatat skateboard dolor brunch. Donec id elit non mi porta gravida at eget metus id elit mi egetine.]]></Text>
      <Link/>
      <Color><![CDATA[blue]]></Color>
    </Item>
  </BootstrapTeaserrow>
</BootstrapTeaserrows>
