<?xml version="1.0" encoding="UTF-8"?>

<export>
  <info>
    <creator>Admin</creator>
    <opencms_version>9.0.0</opencms_version>
    <createdate>Fri, 10 Feb 2012 10:42:28 GMT</createdate>
    <infoproject>Offline</infoproject>
    <export_version>7</export_version>
  </info>
  <module>
    <name>org.opencms.ade.contenteditor</name>
    <nicename><![CDATA[OpenCms 8 ADE Content Editor]]></nicename>
    <group>OpenCms ADE</group>
    <class/>
    <description><![CDATA[Editor for structured contents.<br>
<i>(c) 2013 by Alkacon Software GmbH (http://www.alkacon.com).</i>]]></description>
    <version>9.0.0</version>
    <authorname><![CDATA[Alkacon Software GmbH]]></authorname>
    <authoremail><![CDATA[sales@alkacon.com]]></authoremail>
    <datecreated/>
    <userinstalled/>
    <dateinstalled/>
    <dependencies>
      <dependency name="org.opencms.ade.config" version="9.0.0"/>
    </dependencies>
    <exportpoints>
      <exportpoint uri="/system/modules/org.opencms.ade.contenteditor/resources/" destination="resources/ade/"/>
    </exportpoints>
    <resources>
      <resource uri="/system/modules/org.opencms.ade.contenteditor/"/>
      <resource uri="/system/workplace/editors/acacia/"/>
    </resources>
  </module>
  <files>
    <file>
      <destination>system</destination>
      <type>folder</type>
      <uuidstructure>7f695f71-5232-11e1-b64b-e5cbe0b4d4f3</uuidstructure>
      <datelastmodified>Wed, 08 Feb 2012 08:54:23 GMT</datelastmodified>
      <userlastmodified>Admin</userlastmodified>
      <datecreated>Wed, 08 Feb 2012 08:54:23 GMT</datecreated>
      <usercreated>Admin</usercreated>
      <flags>0</flags>
      <properties/>
      <relations/>
      <accesscontrol>
        <accessentry>
          <uuidprincipal>ROLE.WORKPLACE_USER</uuidprincipal>
          <flags>514</flags>
          <permissionset>
            <allowed>1</allowed>
            <denied>0</denied>
          </permissionset>
        </accessentry>
      </accesscontrol>
    </file>
    <file>
      <destination>system/modules</destination>
      <type>folder</type>
      <uuidstructure>8009221d-5232-11e1-b64b-e5cbe0b4d4f3</uuidstructure>
      <datelastmodified>Wed, 08 Feb 2012 08:54:24 GMT</datelastmodified>
      <userlastmodified>Admin</userlastmodified>
      <datecreated>Wed, 08 Feb 2012 08:54:24 GMT</datecreated>
      <usercreated>Admin</usercreated>
      <flags>0</flags>
      <properties/>
      <relations/>
      <accesscontrol>
        <accessentry>
          <uuidprincipal>ROLE.WORKPLACE_USER</uuidprincipal>
          <flags>514</flags>
          <permissionset>
            <allowed>5</allowed>
            <denied>0</denied>
          </permissionset>
        </accessentry>
      </accesscontrol>
    </file>
    <file>
      <destination>system/modules/org.opencms.ade.contenteditor</destination>
      <type>folder</type>
      <uuidstructure>b7467827-53cf-11e1-af11-e5cbe0b4d4f3</uuidstructure>
      <datelastmodified>Fri, 10 Feb 2012 10:12:19 GMT</datelastmodified>
      <userlastmodified>Admin</userlastmodified>
      <datecreated>Fri, 10 Feb 2012 10:12:19 GMT</datecreated>
      <usercreated>Admin</usercreated>
      <flags>0</flags>
      <properties/>
      <relations/>
      <accesscontrol/>
    </file>
    <file>
      <source>system/modules/org.opencms.ade.contenteditor/contenteditor.jsp</source>
      <destination>system/modules/org.opencms.ade.contenteditor/contenteditor.jsp</destination>
      <type>jsp</type>
      <uuidstructure>b91dbe4b-53d1-11e1-af11-e5cbe0b4d4f3</uuidstructure>
      <uuidresource>b91dbe4c-53d1-11e1-af11-e5cbe0b4d4f3</uuidresource>
      <datelastmodified>Fri, 10 Feb 2012 10:26:41 GMT</datelastmodified>
      <userlastmodified>Admin</userlastmodified>
      <datecreated>Fri, 10 Feb 2012 10:26:41 GMT</datecreated>
      <usercreated>Admin</usercreated>
      <flags>0</flags>
      <properties>
        <property type="shared">
          <name>export</name>
          <value><![CDATA[false]]></value>
        </property>
      </properties>
      <relations/>
      <accesscontrol/>
    </file>
    <file>
      <destination>system/modules/org.opencms.ade.contenteditor/resources</destination>
      <type>folder</type>
      <uuidstructure>ce6d97e9-53cf-11e1-af11-e5cbe0b4d4f3</uuidstructure>
      <datelastmodified>Fri, 10 Feb 2012 10:12:58 GMT</datelastmodified>
      <userlastmodified>Admin</userlastmodified>
      <datecreated>Fri, 10 Feb 2012 10:12:58 GMT</datecreated>
      <usercreated>Admin</usercreated>
      <flags>0</flags>
      <properties/>
      <relations/>
      <accesscontrol/>
    </file>
    <file>
      <source>system/modules/org.opencms.ade.contenteditor/resources/org.opencms.ade.contenteditor.scripts.js</source>
      <destination>system/modules/org.opencms.ade.contenteditor/resources/org.opencms.ade.contenteditor.scripts.js</destination>
      <type>plain</type>
      <uuidstructure>4b7782dd-f057-11e1-b5f5-15b3be0b5948</uuidstructure>
      <uuidresource>4b7782de-f057-11e1-b5f5-15b3be0b5948</uuidresource>
      <datelastmodified>Mon, 27 Aug 2012 14:55:51 GMT</datelastmodified>
      <userlastmodified>Admin</userlastmodified>
      <datecreated>Mon, 27 Aug 2012 14:55:51 GMT</datecreated>
      <usercreated>Admin</usercreated>
      <flags>0</flags>
      <properties>
        <property>
          <name>Title</name>
          <value><![CDATA[org.opencms.ade.contenteditor.scripts]]></value>
        </property>
      </properties>
      <relations/>
      <accesscontrol/>
    </file>
    <file>
      <destination>system/modules/org.opencms.ade.contenteditor/resources/contenteditor</destination>
      <type>folder</type>
      <uuidstructure>ce2722a1-53db-11e1-af11-e5cbe0b4d4f3</uuidstructure>
      <datelastmodified>Fri, 10 Feb 2012 11:38:51 GMT</datelastmodified>
      <userlastmodified>Admin</userlastmodified>
      <datecreated>Fri, 10 Feb 2012 11:38:51 GMT</datecreated>
      <usercreated>Admin</usercreated>
      <flags>0</flags>
      <properties/>
      <relations/>
      <accesscontrol/>
    </file>
    <file>
      <source>system/modules/org.opencms.ade.contenteditor/resources/contenteditor/D41949DD24C87D62357C77C29985C0CE.gwt.rpc</source>
      <destination>system/modules/org.opencms.ade.contenteditor/resources/contenteditor/D41949DD24C87D62357C77C29985C0CE.gwt.rpc</destination>
      <type>plain</type>
      <uuidstructure>1c7d125e-48a1-11e3-a9e1-91fa440b558a</uuidstructure>
      <uuidresource>1c7d607f-48a1-11e3-a9e1-91fa440b558a</uuidresource>
      <datelastmodified>Fri, 08 Nov 2013 18:10:55 GMT</datelastmodified>
      <userlastmodified>Admin</userlastmodified>
      <datecreated>Fri, 08 Nov 2013 18:10:55 GMT</datecreated>
      <usercreated>Admin</usercreated>
      <flags>0</flags>
      <properties/>
      <relations/>
      <accesscontrol/>
    </file>
    <file>
      <source>system/modules/org.opencms.ade.contenteditor/resources/contenteditor/AEB09134DDB06801C37A3C75EDA0CBBF.cache.html</source>
      <destination>system/modules/org.opencms.ade.contenteditor/resources/contenteditor/AEB09134DDB06801C37A3C75EDA0CBBF.cache.html</destination>
      <type>plain</type>
      <uuidstructure>1c7f8360-48a1-11e3-a9e1-91fa440b558a</uuidstructure>
      <uuidresource>1c7faa71-48a1-11e3-a9e1-91fa440b558a</uuidresource>
      <datelastmodified>Fri, 08 Nov 2013 18:10:55 GMT</datelastmodified>
      <userlastmodified>Admin</userlastmodified>
      <datecreated>Fri, 08 Nov 2013 18:10:55 GMT</datecreated>
      <usercreated>Admin</usercreated>
      <flags>0</flags>
      <properties/>
      <relations/>
      <accesscontrol/>
    </file>
    <file>
      <source>system/modules/org.opencms.ade.contenteditor/resources/contenteditor/0B1F8B4F9F54D62F5446254696CCC22D.gwt.rpc</source>
      <destination>system/modules/org.opencms.ade.contenteditor/resources/contenteditor/0B1F8B4F9F54D62F5446254696CCC22D.gwt.rpc</destination>
      <type>plain</type>
      <uuidstructure>1c81cd52-48a1-11e3-a9e1-91fa440b558a</uuidstructure>
      <uuidresource>1c81f463-48a1-11e3-a9e1-91fa440b558a</uuidresource>
      <datelastmodified>Fri, 08 Nov 2013 18:10:55 GMT</datelastmodified>
      <userlastmodified>Admin</userlastmodified>
      <datecreated>Fri, 08 Nov 2013 18:10:55 GMT</datecreated>
      <usercreated>Admin</usercreated>
      <flags>0</flags>
      <properties/>
      <relations/>
      <accesscontrol/>
    </file>
    <file>
      <source>system/modules/org.opencms.ade.contenteditor/resources/contenteditor/contenteditor.nocache.js</source>
      <destination>system/modules/org.opencms.ade.contenteditor/resources/contenteditor/contenteditor.nocache.js</destination>
      <type>plain</type>
      <uuidstructure>1c841744-48a1-11e3-a9e1-91fa440b558a</uuidstructure>
      <uuidresource>1c843e55-48a1-11e3-a9e1-91fa440b558a</uuidresource>
      <datelastmodified>Fri, 08 Nov 2013 18:10:55 GMT</datelastmodified>
      <userlastmodified>Admin</userlastmodified>
      <datecreated>Fri, 08 Nov 2013 18:10:55 GMT</datecreated>
      <usercreated>Admin</usercreated>
      <flags>0</flags>
      <properties/>
      <relations/>
      <accesscontrol/>
    </file>
    <file>
      <source>system/modules/org.opencms.ade.contenteditor/resources/contenteditor/E0534362E18A03CCE215C398EAD0ECE3.gwt.rpc</source>
      <destination>system/modules/org.opencms.ade.contenteditor/resources/contenteditor/E0534362E18A03CCE215C398EAD0ECE3.gwt.rpc</destination>
      <type>plain</type>
      <uuidstructure>1c861316-48a1-11e3-a9e1-91fa440b558a</uuidstructure>
      <uuidresource>1c863a27-48a1-11e3-a9e1-91fa440b558a</uuidresource>
      <datelastmodified>Fri, 08 Nov 2013 18:10:55 GMT</datelastmodified>
      <userlastmodified>Admin</userlastmodified>
      <datecreated>Fri, 08 Nov 2013 18:10:55 GMT</datecreated>
      <usercreated>Admin</usercreated>
      <flags>0</flags>
      <properties/>
      <relations/>
      <accesscontrol/>
    </file>
    <file>
      <source>system/modules/org.opencms.ade.contenteditor/resources/contenteditor/D9B528334FCF83ADDA1ACCA3C1EC6D59.cache.html</source>
      <destination>system/modules/org.opencms.ade.contenteditor/resources/contenteditor/D9B528334FCF83ADDA1ACCA3C1EC6D59.cache.html</destination>
      <type>plain</type>
      <uuidstructure>1c87e7d8-48a1-11e3-a9e1-91fa440b558a</uuidstructure>
      <uuidresource>1c880ee9-48a1-11e3-a9e1-91fa440b558a</uuidresource>
      <datelastmodified>Fri, 08 Nov 2013 18:10:55 GMT</datelastmodified>
      <userlastmodified>Admin</userlastmodified>
      <datecreated>Fri, 08 Nov 2013 18:10:55 GMT</datecreated>
      <usercreated>Admin</usercreated>
      <flags>0</flags>
      <properties/>
      <relations/>
      <accesscontrol/>
    </file>
    <file>
      <source>system/modules/org.opencms.ade.contenteditor/resources/contenteditor/420E1BE8D8A7E24E05DF40F1F8A5EBCD.gwt.rpc</source>
      <destination>system/modules/org.opencms.ade.contenteditor/resources/contenteditor/420E1BE8D8A7E24E05DF40F1F8A5EBCD.gwt.rpc</destination>
      <type>plain</type>
      <uuidstructure>1c89e3aa-48a1-11e3-a9e1-91fa440b558a</uuidstructure>
      <uuidresource>1c8a0abb-48a1-11e3-a9e1-91fa440b558a</uuidresource>
      <datelastmodified>Fri, 08 Nov 2013 18:10:55 GMT</datelastmodified>
      <userlastmodified>Admin</userlastmodified>
      <datecreated>Fri, 08 Nov 2013 18:10:55 GMT</datecreated>
      <usercreated>Admin</usercreated>
      <flags>0</flags>
      <properties/>
      <relations/>
      <accesscontrol/>
    </file>
    <file>
      <source>system/modules/org.opencms.ade.contenteditor/resources/contenteditor/144D8312A0C82053CB10960F4A165924.gwt.rpc</source>
      <destination>system/modules/org.opencms.ade.contenteditor/resources/contenteditor/144D8312A0C82053CB10960F4A165924.gwt.rpc</destination>
      <type>plain</type>
      <uuidstructure>1c8c068c-48a1-11e3-a9e1-91fa440b558a</uuidstructure>
      <uuidresource>1c8c2d9d-48a1-11e3-a9e1-91fa440b558a</uuidresource>
      <datelastmodified>Fri, 08 Nov 2013 18:10:55 GMT</datelastmodified>
      <userlastmodified>Admin</userlastmodified>
      <datecreated>Fri, 08 Nov 2013 18:10:55 GMT</datecreated>
      <usercreated>Admin</usercreated>
      <flags>0</flags>
      <properties/>
      <relations/>
      <accesscontrol/>
    </file>
    <file>
      <source>system/modules/org.opencms.ade.contenteditor/resources/contenteditor/AC627B6273E919D1CA1816F10DB17B20.cache.html</source>
      <destination>system/modules/org.opencms.ade.contenteditor/resources/contenteditor/AC627B6273E919D1CA1816F10DB17B20.cache.html</destination>
      <type>plain</type>
      <uuidstructure>1c8e9e9e-48a1-11e3-a9e1-91fa440b558a</uuidstructure>
      <uuidresource>1c8ec5af-48a1-11e3-a9e1-91fa440b558a</uuidresource>
      <datelastmodified>Fri, 08 Nov 2013 18:10:55 GMT</datelastmodified>
      <userlastmodified>Admin</userlastmodified>
      <datecreated>Fri, 08 Nov 2013 18:10:55 GMT</datecreated>
      <usercreated>Admin</usercreated>
      <flags>0</flags>
      <properties/>
      <relations/>
      <accesscontrol/>
    </file>
    <file>
      <source>system/modules/org.opencms.ade.contenteditor/resources/contenteditor/hosted.html</source>
      <destination>system/modules/org.opencms.ade.contenteditor/resources/contenteditor/hosted.html</destination>
      <type>plain</type>
      <uuidstructure>1c910fa0-48a1-11e3-a9e1-91fa440b558a</uuidstructure>
      <uuidresource>1c9136b1-48a1-11e3-a9e1-91fa440b558a</uuidresource>
      <datelastmodified>Fri, 08 Nov 2013 18:10:55 GMT</datelastmodified>
      <userlastmodified>Admin</userlastmodified>
      <datecreated>Fri, 08 Nov 2013 18:10:55 GMT</datecreated>
      <usercreated>Admin</usercreated>
      <flags>0</flags>
      <properties/>
      <relations/>
      <accesscontrol/>
    </file>
    <file>
      <source>system/modules/org.opencms.ade.contenteditor/resources/contenteditor/F4086126C9A89C4F2D9BD5210E32D30E.gwt.rpc</source>
      <destination>system/modules/org.opencms.ade.contenteditor/resources/contenteditor/F4086126C9A89C4F2D9BD5210E32D30E.gwt.rpc</destination>
      <type>plain</type>
      <uuidstructure>1c935992-48a1-11e3-a9e1-91fa440b558a</uuidstructure>
      <uuidresource>1c9380a3-48a1-11e3-a9e1-91fa440b558a</uuidresource>
      <datelastmodified>Fri, 08 Nov 2013 18:10:55 GMT</datelastmodified>
      <userlastmodified>Admin</userlastmodified>
      <datecreated>Fri, 08 Nov 2013 18:10:55 GMT</datecreated>
      <usercreated>Admin</usercreated>
      <flags>0</flags>
      <properties/>
      <relations/>
      <accesscontrol/>
    </file>
    <file>
      <source>system/modules/org.opencms.ade.contenteditor/resources/contenteditor/9897BC8F33AB2B603B96EE9339CCFA19.cache.html</source>
      <destination>system/modules/org.opencms.ade.contenteditor/resources/contenteditor/9897BC8F33AB2B603B96EE9339CCFA19.cache.html</destination>
      <type>plain</type>
      <uuidstructure>1c957c74-48a1-11e3-a9e1-91fa440b558a</uuidstructure>
      <uuidresource>1c95a385-48a1-11e3-a9e1-91fa440b558a</uuidresource>
      <datelastmodified>Fri, 08 Nov 2013 18:10:55 GMT</datelastmodified>
      <userlastmodified>Admin</userlastmodified>
      <datecreated>Fri, 08 Nov 2013 18:10:55 GMT</datecreated>
      <usercreated>Admin</usercreated>
      <flags>0</flags>
      <properties/>
      <relations/>
      <accesscontrol/>
    </file>
    <file>
      <source>system/modules/org.opencms.ade.contenteditor/resources/contenteditor/clear.cache.gif</source>
      <destination>system/modules/org.opencms.ade.contenteditor/resources/contenteditor/clear.cache.gif</destination>
      <type>image</type>
      <uuidstructure>1c975136-48a1-11e3-a9e1-91fa440b558a</uuidstructure>
      <uuidresource>1c977847-48a1-11e3-a9e1-91fa440b558a</uuidresource>
      <datelastmodified>Fri, 08 Nov 2013 18:10:55 GMT</datelastmodified>
      <userlastmodified>Admin</userlastmodified>
      <datecreated>Fri, 08 Nov 2013 18:10:55 GMT</datecreated>
      <usercreated>Admin</usercreated>
      <flags>0</flags>
      <properties/>
      <relations/>
      <accesscontrol/>
    </file>
    <file>
      <source>system/modules/org.opencms.ade.contenteditor/resources/contenteditor/614A8351A28C0A4378525F849533D3FF.gwt.rpc</source>
      <destination>system/modules/org.opencms.ade.contenteditor/resources/contenteditor/614A8351A28C0A4378525F849533D3FF.gwt.rpc</destination>
      <type>plain</type>
      <uuidstructure>1c98fee8-48a1-11e3-a9e1-91fa440b558a</uuidstructure>
      <uuidresource>1c98fee9-48a1-11e3-a9e1-91fa440b558a</uuidresource>
      <datelastmodified>Fri, 08 Nov 2013 18:10:55 GMT</datelastmodified>
      <userlastmodified>Admin</userlastmodified>
      <datecreated>Fri, 08 Nov 2013 18:10:55 GMT</datecreated>
      <usercreated>Admin</usercreated>
      <flags>0</flags>
      <properties/>
      <relations/>
      <accesscontrol/>
    </file>
    <file>
      <source>system/modules/org.opencms.ade.contenteditor/resources/contenteditor/A72C7862C1D1E4F4ADAC6FEA6A62B224.cache.html</source>
      <destination>system/modules/org.opencms.ade.contenteditor/resources/contenteditor/A72C7862C1D1E4F4ADAC6FEA6A62B224.cache.html</destination>
      <type>plain</type>
      <uuidstructure>1c9a858a-48a1-11e3-a9e1-91fa440b558a</uuidstructure>
      <uuidresource>1c9aac9b-48a1-11e3-a9e1-91fa440b558a</uuidresource>
      <datelastmodified>Fri, 08 Nov 2013 18:10:55 GMT</datelastmodified>
      <userlastmodified>Admin</userlastmodified>
      <datecreated>Fri, 08 Nov 2013 18:10:55 GMT</datecreated>
      <usercreated>Admin</usercreated>
      <flags>0</flags>
      <properties/>
      <relations/>
      <accesscontrol/>
    </file>
    <file>
      <source>system/modules/org.opencms.ade.contenteditor/resources/contenteditor/304089F9B718E52EA46FCE3AA7A43056.gwt.rpc</source>
      <destination>system/modules/org.opencms.ade.contenteditor/resources/contenteditor/304089F9B718E52EA46FCE3AA7A43056.gwt.rpc</destination>
      <type>plain</type>
      <uuidstructure>1c9be51c-48a1-11e3-a9e1-91fa440b558a</uuidstructure>
      <uuidresource>1c9c0c2d-48a1-11e3-a9e1-91fa440b558a</uuidresource>
      <datelastmodified>Fri, 08 Nov 2013 18:10:55 GMT</datelastmodified>
      <userlastmodified>Admin</userlastmodified>
      <datecreated>Fri, 08 Nov 2013 18:10:55 GMT</datecreated>
      <usercreated>Admin</usercreated>
      <flags>0</flags>
      <properties/>
      <relations/>
      <accesscontrol/>
    </file>
    <file>
      <destination>system/workplace</destination>
      <type>folder</type>
      <uuidstructure>6dbd9558-8db6-11e0-972f-8f51174189b7</uuidstructure>
      <datelastmodified>Mon, 27 Mar 2006 12:00:00 GMT</datelastmodified>
      <userlastmodified>Admin</userlastmodified>
      <datecreated>Mon, 27 Jun 2005 08:00:00 GMT</datecreated>
      <usercreated>Admin</usercreated>
      <flags>0</flags>
      <properties>
        <property>
          <name>content-encoding</name>
          <value><![CDATA[UTF-8]]></value>
        </property>
        <property>
          <name>export</name>
          <value><![CDATA[false]]></value>
        </property>
        <property>
          <name>login-form</name>
          <value><![CDATA[/system/login/index.html]]></value>
        </property>
      </properties>
      <relations/>
      <accesscontrol>
        <accessentry>
          <uuidprincipal>ALL_OTHERS</uuidprincipal>
          <flags>134</flags>
          <permissionset>
            <allowed>0</allowed>
            <denied>0</denied>
          </permissionset>
        </accessentry>
        <accessentry>
          <uuidprincipal>ROLE.WORKPLACE_USER</uuidprincipal>
          <flags>518</flags>
          <permissionset>
            <allowed>5</allowed>
            <denied>0</denied>
          </permissionset>
        </accessentry>
      </accesscontrol>
    </file>
    <file>
      <destination>system/workplace/editors</destination>
      <type>folder</type>
      <uuidstructure>896ef88a-11b7-11db-91cd-fdbae480bac9</uuidstructure>
      <datelastmodified>Mon, 27 Mar 2006 12:00:00 GMT</datelastmodified>
      <userlastmodified>Admin</userlastmodified>
      <datecreated>Mon, 27 Jun 2005 08:00:00 GMT</datecreated>
      <usercreated>Admin</usercreated>
      <flags>0</flags>
      <properties>
        <property>
          <name>cache</name>
          <value><![CDATA[false]]></value>
        </property>
      </properties>
      <relations/>
      <accesscontrol/>
    </file>
    <file>
      <destination>system/workplace/editors/acacia</destination>
      <type>folder</type>
      <uuidstructure>ad2766c6-991c-11e1-a85e-d138de4a8c16</uuidstructure>
      <datelastmodified>Tue, 08 May 2012 14:47:25 GMT</datelastmodified>
      <userlastmodified>Admin</userlastmodified>
      <datecreated>Tue, 08 May 2012 14:47:04 GMT</datecreated>
      <usercreated>Admin</usercreated>
      <flags>0</flags>
      <properties>
        <property>
          <name>Title</name>
          <value><![CDATA[Acacia Editor]]></value>
        </property>
      </properties>
      <relations/>
      <accesscontrol/>
    </file>
    <file>
      <destination>system/workplace/editors/acacia/editor.jsp</destination>
      <type>jsp</type>
      <uuidstructure>caf4cbc9-991c-11e1-a85e-d138de4a8c16</uuidstructure>
      <uuidresource>b91dbe4c-53d1-11e1-af11-e5cbe0b4d4f3</uuidresource>
      <datelastmodified>Fri, 10 Feb 2012 10:26:41 GMT</datelastmodified>
      <userlastmodified>Admin</userlastmodified>
      <datecreated>Fri, 10 Feb 2012 10:26:41 GMT</datecreated>
      <usercreated>Admin</usercreated>
      <flags>0</flags>
      <properties>
        <property type="shared">
          <name>export</name>
          <value><![CDATA[false]]></value>
        </property>
      </properties>
      <relations/>
      <accesscontrol/>
    </file>
    <file>
      <source>system/workplace/editors/acacia/editor_configuration.xml</source>
      <destination>system/workplace/editors/acacia/editor_configuration.xml</destination>
      <type>plain</type>
      <uuidstructure>07ab3efc-991d-11e1-a85e-d138de4a8c16</uuidstructure>
      <uuidresource>07ab3efd-991d-11e1-a85e-d138de4a8c16</uuidresource>
      <datelastmodified>Wed, 09 May 2012 08:16:57 GMT</datelastmodified>
      <userlastmodified>Admin</userlastmodified>
      <datecreated>Tue, 08 May 2012 14:49:35 GMT</datecreated>
      <usercreated>Admin</usercreated>
      <flags>0</flags>
      <properties/>
      <relations/>
      <accesscontrol/>
    </file>
  </files>
</export>
