<?xml version="1.0" encoding="UTF-8"?>

<BootstrapJumbotrons xmlns:xsi="http://www.w3.org/2001/XMLSchema-instance" xsi:noNamespaceSchemaLocation="opencms://system/modules/com.alkacon.bootstrap.schemas/schemas/jumbotron.xsd">
  <BootstrapJumbotron language="en">
    <Title><![CDATA[About OpenCms]]></Title>
    <Text><![CDATA[OpenCms is great. Easy to use. Fun to work with. Simple and intuitive. Yet full featured and powerful.]]></Text>
    <Link>
      <Text><![CDATA[Read more]]></Text>
      <URI>
        <link internal="true" type="WEAK">
          <target><![CDATA[/sites/default/demo/home/]]></target>
          <uuid>53c9908d-4547-11e3-93f3-000c29d28104</uuid>
        </link>
      </URI>
    </Link>
  </BootstrapJumbotron>
</BootstrapJumbotrons>
