<?xml version="1.0" encoding="UTF-8"?>

<BootstrapTextblocks xmlns:xsi="http://www.w3.org/2001/XMLSchema-instance" xsi:noNamespaceSchemaLocation="opencms://system/modules/com.alkacon.bootstrap.schemas/schemas/textblock.xsd">
  <BootstrapTextblock language="en">
    <Title><![CDATA[Product page text]]></Title>
    <Paragraph>
      <Headline><![CDATA[Products]]></Headline>
      <Text name="Text0">
        <links/>
        <content><![CDATA[<p>This is the product page. Product are currently working best when they are used in a large container ....</p>]]></content>
      </Text>
    </Paragraph>
  </BootstrapTextblock>
</BootstrapTextblocks>
