<?xml version="1.0" encoding="UTF-8"?>

<BootstrapTextblocks xmlns:xsi="http://www.w3.org/2001/XMLSchema-instance" xsi:noNamespaceSchemaLocation="opencms://system/modules/com.alkacon.bootstrap.schemas/schemas/textblock.xsd">
  <BootstrapTextblock language="en">
    <Title><![CDATA[Welcome Page: Responsive template]]></Title>
    <Paragraph>
      <Headline><![CDATA[All new responsive template]]></Headline>
      <Text name="Text0">
        <links/>
        <content><![CDATA[<p>This demo template features a responsive design based on Bootstrap.</p>
<p>Lorem ipsum dolor sit amet, consetetur sadipscing elitr, sed diam nonumy eirmod tempor invidunt ut labore et dolore magna aliquyam erat, sed diam voluptua. At vero eos et accusam et justo duo dolores et ea rebum.</p>
<p>Stet clita kasd gubergren, no sea takimata sanctus est Lorem ipsum dolor sit amet. Consetetur sadipscing elitr, sed diam nonumy eirmod tempor invidunt ut labore et dolore magna aliquyam erat, sed diam voluptua. </p>]]></content>
      </Text>
      <Image>
        <Image>
          <link type="WEAK">
            <target><![CDATA[/sites/default/.galleries/samples/12.jpg]]></target>
            <uuid>c76d14a5-4705-11e3-8417-000c29d28104</uuid>
          </link>
        </Image>
        <Title><![CDATA[All new responsive template]]></Title>
      </Image>
    </Paragraph>
  </BootstrapTextblock>
</BootstrapTextblocks>
