<?xml version="1.0" encoding="UTF-8"?>

<BootstrapTextblocks xmlns:xsi="http://www.w3.org/2001/XMLSchema-instance" xsi:noNamespaceSchemaLocation="opencms://system/modules/com.alkacon.bootstrap.schemas/schemas/textblock.xsd">
  <BootstrapTextblock language="en">
    <Title><![CDATA[Image on top demo]]></Title>
    <Paragraph>
      <Headline><![CDATA[Free as in "free beer"]]></Headline>
      <Text name="Text0">
        <links/>
        <content><![CDATA[<p>Lorem ipsum dolor sit amet, consetetur sadipscing elitr, sed diam nonumy eirmod tempor invidunt ut labore et dolore magna aliquyam erat.</p>]]></content>
      </Text>
      <Image>
        <Image>
          <link type="WEAK">
            <target><![CDATA[/sites/default/.galleries/samples/02.jpg]]></target>
            <uuid>c0ac6977-4705-11e3-8417-000c29d28104</uuid>
            <query><![CDATA[__scale=h:156,w:1018,cx:4,cy:234,ch:156,cw:1018]]></query>
          </link>
        </Image>
        <Title/>
      </Image>
    </Paragraph>
  </BootstrapTextblock>
</BootstrapTextblocks>
