<?xml version="1.0" encoding="UTF-8"?>

<BootstrapTextblocks xmlns:xsi="http://www.w3.org/2001/XMLSchema-instance" xsi:noNamespaceSchemaLocation="opencms://system/modules/com.alkacon.bootstrap.schemas/schemas/textblock.xsd">
  <BootstrapTextblock language="en">
    <Title><![CDATA[Welcome page: More features than ever]]></Title>
    <Paragraph>
      <Headline><![CDATA[More features than ever]]></Headline>
      <Text name="Text0">
        <links/>
        <content><![CDATA[<p>With more features than ever, this latest OpenCms version is powerful, yet easy to use.</p>
<p>Lorem ipsum dolor sit amet, consectetur adipisici elit, sed eiusmod tempor incidunt ut labore et dolore magna aliqua. Ut enim ad minim veniam, quis nostrud exercitation ullamco laboris nisi ut aliquid ex ea commodi consequat.</p>
<p>Quis aute iure reprehenderit in voluptate velit esse cillum dolore eu fugiat nulla pariatur. Excepteur sint obcaecat cupiditat non proident, sunt in culpa qui officia deserunt mollit anim id est laborum.</p>]]></content>
      </Text>
      <Image>
        <Image>
          <link type="WEAK">
            <target><![CDATA[/sites/default/.galleries/samples/10.jpg]]></target>
            <uuid>c64906ff-4705-11e3-8417-000c29d28104</uuid>
          </link>
        </Image>
        <Title><![CDATA[More features than ever]]></Title>
      </Image>
    </Paragraph>
  </BootstrapTextblock>
</BootstrapTextblocks>
