<?xml version="1.0" encoding="UTF-8"?>

<BootstrapTextblocks xmlns:xsi="http://www.w3.org/2001/XMLSchema-instance" xsi:noNamespaceSchemaLocation="opencms://system/modules/com.alkacon.bootstrap.schemas/schemas/textblock.xsd">
  <BootstrapTextblock language="en">
    <Title><![CDATA[Another side element]]></Title>
    <Paragraph>
      <Headline><![CDATA[Powerful and feature rich CMS]]></Headline>
      <Text name="Text0">
        <links/>
        <content><![CDATA[<p>Lorem ipsum dolor sit amet, consetetur sadipscing elitr, sed diam nonumy eirmod tempor invidunt ut labore et dolore magna aliquyam erat, sed diam voluptua.</p>
<p>At vero eos et accusam et justo duo dolores et ea rebum. Stet clita kasd gubergren, no sea takimata sanctus est Lorem ipsum dolor sit amet.</p>]]></content>
      </Text>
      <Image>
        <Image>
          <link type="WEAK">
            <target><![CDATA[/sites/default/.galleries/samples/35.jpg]]></target>
            <uuid>b6b933a4-4785-11e3-ba23-000c29d28104</uuid>
            <query><![CDATA[__scale=h:763,w:370,cx:298,cy:5,ch:763,cw:370]]></query>
          </link>
        </Image>
        <Title><![CDATA[Another side element]]></Title>
      </Image>
    </Paragraph>
  </BootstrapTextblock>
</BootstrapTextblocks>
