<?xml version="1.0" encoding="UTF-8"?>

<BootstrapTextblocks xmlns:xsi="http://www.w3.org/2001/XMLSchema-instance" xsi:noNamespaceSchemaLocation="opencms://system/modules/com.alkacon.bootstrap.schemas/schemas/textblock.xsd">
  <BootstrapTextblock language="en">
    <Title><![CDATA[Side element]]></Title>
    <Paragraph>
      <Headline><![CDATA[Open Source]]></Headline>
      <Text name="Text0">
        <links/>
        <content><![CDATA[<p>Lorem ipsum dolor sit amet, consetetur sadipscing elitr, sed diam nonumy eirmod tempor invidunt ut labore.</p>
<p>Stet clita kasd gubergren, no sea takimata sanctus est Lorem ipsum dolor sit amet.</p>]]></content>
      </Text>
      <Image>
        <Image>
          <link type="WEAK">
            <target><![CDATA[/sites/default/.galleries/samples/25.jpg]]></target>
            <uuid>cacfc097-4708-11e3-8417-000c29d28104</uuid>
            <query><![CDATA[__scale=h:1008,w:465,cx:146,cy:9,ch:1008,cw:465]]></query>
          </link>
        </Image>
        <Title><![CDATA[Boat]]></Title>
      </Image>
    </Paragraph>
  </BootstrapTextblock>
</BootstrapTextblocks>
