<?xml version="1.0" encoding="UTF-8"?>

<BootstrapTeaserrows xmlns:xsi="http://www.w3.org/2001/XMLSchema-instance" xsi:noNamespaceSchemaLocation="opencms://system/modules/com.alkacon.bootstrap.schemas/schemas/teaserrow.xsd">
  <BootstrapTeaserrow language="en">
    <Title><![CDATA[Welcome to OpenCms 9]]></Title>
    <Item>
      <Headline><![CDATA[OpenCms Beginners Tutorial]]></Headline>
      <Icon><![CDATA[Lightbulb]]></Icon>
      <Text><![CDATA[Click here for a guided tour with 5 simple steps that show how to edit content and work with OpenCms.<br />The tour also contains information about how to login.]]></Text>
      <Link>
        <link internal="true" type="WEAK">
          <target><![CDATA[/sites/default/tutorial/]]></target>
          <uuid>e2588a5b-4545-11e3-93f3-000c29d28104</uuid>
        </link>
      </Link>
      <Color><![CDATA[orange]]></Color>
    </Item>
  </BootstrapTeaserrow>
</BootstrapTeaserrows>
