<?xml version="1.0" encoding="UTF-8"?>

<BootstrapCarousels xmlns:xsi="http://www.w3.org/2001/XMLSchema-instance" xsi:noNamespaceSchemaLocation="opencms://system/modules/com.alkacon.bootstrap.schemas/schemas/carousel.xsd">
  <BootstrapCarousel language="en">
    <Title><![CDATA[Carousel Block Side]]></Title>
    <Item>
      <Image>
        <link type="WEAK">
          <target><![CDATA[/sites/default/.galleries/samples/12.jpg]]></target>
          <uuid>c76d14a5-4705-11e3-8417-000c29d28104</uuid>
        </link>
      </Image>
      <Headline><![CDATA[Telescope]]></Headline>
      <Text><![CDATA[Find what you are looking for.]]></Text>
    </Item>
    <Item>
      <Image>
        <link type="WEAK">
          <target><![CDATA[/sites/default/.galleries/samples/11.jpg]]></target>
          <uuid>c6d9d552-4705-11e3-8417-000c29d28104</uuid>
        </link>
      </Image>
      <Headline><![CDATA[Propeller]]></Headline>
      <Text><![CDATA[It turns and turns.]]></Text>
    </Item>
    <Item>
      <Image>
        <link type="WEAK">
          <target><![CDATA[/sites/default/.galleries/samples/03.jpg]]></target>
          <uuid>c132d78a-4705-11e3-8417-000c29d28104</uuid>
        </link>
      </Image>
      <Headline><![CDATA[Steel worker]]></Headline>
      <Text><![CDATA[Not everyone can work in IT.]]></Text>
    </Item>
  </BootstrapCarousel>
</BootstrapCarousels>
