<?xml version="1.0" encoding="UTF-8"?>

<BootstrapCarousels xmlns:xsi="http://www.w3.org/2001/XMLSchema-instance" xsi:noNamespaceSchemaLocation="opencms://system/modules/com.alkacon.bootstrap.schemas/schemas/carousel.xsd">
  <BootstrapCarousel language="en">
    <Title><![CDATA[Carousel Block Main]]></Title>
    <Item>
      <Image>
        <link type="WEAK">
          <target><![CDATA[/sites/default/.galleries/samples/09.jpg]]></target>
          <uuid>c56a66cc-4705-11e3-8417-000c29d28104</uuid>
        </link>
      </Image>
      <Text><![CDATA[Airplanes]]></Text>
    </Item>
    <Item>
      <Image>
        <link type="WEAK">
          <target><![CDATA[/sites/default/.galleries/samples/20.jpg]]></target>
          <uuid>cb7ecc6d-4705-11e3-8417-000c29d28104</uuid>
        </link>
      </Image>
      <Text><![CDATA[Airports]]></Text>
    </Item>
    <Item>
      <Image>
        <link type="WEAK">
          <target><![CDATA[/sites/default/.galleries/samples/14.jpg]]></target>
          <uuid>c851cf5b-4705-11e3-8417-000c29d28104</uuid>
        </link>
      </Image>
      <Text><![CDATA[Parachutes]]></Text>
    </Item>
    <Item>
      <Image>
        <link type="WEAK">
          <target><![CDATA[/sites/default/.galleries/samples/01.jpg]]></target>
          <uuid>c05c4da4-4705-11e3-8417-000c29d28104</uuid>
        </link>
      </Image>
      <Text><![CDATA[Turbines]]></Text>
    </Item>
  </BootstrapCarousel>
</BootstrapCarousels>
