<?xml version="1.0" encoding="UTF-8"?>

<export>
	<info>
		<creator>Admin</creator>
		<opencms_version>9.0.0</opencms_version>
		<createdate>Thu, 28 Jun 2007 10:10:39 GMT</createdate>
		<infoproject>Offline</infoproject>
		<export_version>7</export_version>
	</info>
	<module>
		<name>org.opencms.workplace.help.en</name>
		<nicename><![CDATA[OpenCms 9 Workplace english online help]]></nicename>
		<group>OpenCms Online Help</group>
		<class/>
		<description><![CDATA[<p>This module contains the english online help pages for the OpenCms workplace.</p>
<p><i>&copy; 2013 by Alkacon Software</i></p>]]></description>
		<version>9.0.0</version>
		<authorname><![CDATA[Alkacon Software GmbH]]></authorname>
		<authoremail><![CDATA[info@alkacon.com]]></authoremail>
		<datecreated>Mon, 27 Jun 2005 22:00:00 GMT</datecreated>
		<userinstalled/>
		<dateinstalled/>
		<dependencies>
			<dependency name="org.opencms.workplace.help" version="9.0.0"/>
		</dependencies>
		<exportpoints>
			<exportpoint uri="/system/modules/org.opencms.workplace.help.en/classes/" destination="WEB-INF/classes/"/>
		</exportpoints>
		<resources>
			<resource uri="/system/workplace/locales/en/help/"/>
			<resource uri="/system/modules/org.opencms.workplace.help/classes/org/opencms/workplace/help/mappings.properties"/>
		</resources>
		<parameters/>
	</module>
	<files>
		<file>
			<destination>system</destination>
			<type>folder</type>
			<uuidstructure>08e43542-23f7-11dc-a528-39714ae4dc28</uuidstructure>
			<datelastmodified>Mon, 27 Mar 2006 12:00:00 GMT</datelastmodified>
			<userlastmodified>Admin</userlastmodified>
			<datecreated>Tue, 26 Jun 2007 15:08:02 GMT</datecreated>
			<usercreated>Admin</usercreated>
			<flags>0</flags>
			<properties/>
			<relations/>
			<accesscontrol/>
		</file>
		<file>
			<destination>system/workplace</destination>
			<type>folder</type>
			<uuidstructure>825afce2-11b7-11db-91cd-fdbae480bac9</uuidstructure>
			<datelastmodified>Mon, 27 Mar 2006 12:00:00 GMT</datelastmodified>
			<userlastmodified>Admin</userlastmodified>
			<datecreated>Mon, 27 Jun 2005 08:00:00 GMT</datecreated>
			<usercreated>Admin</usercreated>
			<flags>0</flags>
			<properties>
				<property>
					<name>content-encoding</name>
					<value><![CDATA[UTF-8]]></value>
				</property>
				<property>
					<name>export</name>
					<value><![CDATA[false]]></value>
				</property>
				<property>
					<name>login-form</name>
					<value><![CDATA[/system/login/index.html]]></value>
				</property>
			</properties>
			<relations/>
			<accesscontrol>
				<accessentry>
					<uuidprincipal>ALL_OTHERS</uuidprincipal>
					<flags>134</flags>
					<permissionset>
						<allowed>0</allowed>
						<denied>0</denied>
					</permissionset>
				</accessentry>
				<accessentry>
					<uuidprincipal>ROLE.WORKPLACE_USER</uuidprincipal>
					<flags>518</flags>
					<permissionset>
						<allowed>5</allowed>
						<denied>0</denied>
					</permissionset>
				</accessentry>
			</accesscontrol>
		</file>
		<file>
			<destination>system/workplace/locales</destination>
			<type>folder</type>
			<uuidstructure>82b7ea68-11b7-11db-91cd-fdbae480bac9</uuidstructure>
			<datelastmodified>Mon, 27 Mar 2006 12:00:00 GMT</datelastmodified>
			<userlastmodified>Admin</userlastmodified>
			<datecreated>Mon, 27 Jun 2005 08:00:00 GMT</datecreated>
			<usercreated>Admin</usercreated>
			<flags>0</flags>
			<properties/>
			<relations/>
			<accesscontrol/>
		</file>
		<file>
			<destination>system/workplace/locales/en</destination>
			<type>folder</type>
			<uuidstructure>82bca55e-11b7-11db-91cd-fdbae480bac9</uuidstructure>
			<datelastmodified>Mon, 27 Mar 2006 12:00:00 GMT</datelastmodified>
			<userlastmodified>Admin</userlastmodified>
			<datecreated>Mon, 27 Jun 2005 08:00:00 GMT</datecreated>
			<usercreated>Admin</usercreated>
			<flags>0</flags>
			<properties>
				<property>
					<name>locale</name>
					<value><![CDATA[en]]></value>
				</property>
			</properties>
			<relations/>
			<accesscontrol/>
		</file>
		<file>
			<destination>system/workplace/locales/en/help</destination>
			<type>folder</type>
			<uuidstructure>04d2f466-11b8-11db-91cd-fdbae480bac9</uuidstructure>
			<datelastmodified>Mon, 27 Mar 2006 12:00:00 GMT</datelastmodified>
			<userlastmodified>Admin</userlastmodified>
			<datecreated>Mon, 27 Jun 2005 08:00:00 GMT</datecreated>
			<usercreated>Admin</usercreated>
			<flags>0</flags>
			<properties>
				<property>
					<name>template</name>
					<value><![CDATA[/system/modules/org.opencms.workplace.help/jsptemplates/help]]></value>
				</property>
			</properties>
			<relations/>
			<accesscontrol>
				<accessentry>
					<uuidprincipal>USER.Export</uuidprincipal>
					<flags>16</flags>
					<permissionset>
						<allowed>1</allowed>
						<denied>0</denied>
					</permissionset>
				</accessentry>
				<accessentry>
					<uuidprincipal>GROUP.Guests</uuidprincipal>
					<flags>38</flags>
					<permissionset>
						<allowed>1</allowed>
						<denied>0</denied>
					</permissionset>
				</accessentry>
			</accesscontrol>
		</file>
		<file>
			<source>system/workplace/locales/en/help/contribute.html</source>
			<destination>system/workplace/locales/en/help/contribute.html</destination>
			<type>xmlpage</type>
			<uuidstructure>04d56569-11b8-11db-91cd-fdbae480bac9</uuidstructure>
			<uuidresource>457ca98b-e7a8-11d9-8012-a1f5610ecc83</uuidresource>
			<datelastmodified>Mon, 27 Mar 2006 12:00:00 GMT</datelastmodified>
			<userlastmodified>Admin</userlastmodified>
			<datecreated>Mon, 27 Jun 2005 08:00:00 GMT</datecreated>
			<usercreated>Admin</usercreated>
			<flags>0</flags>
			<properties>
				<property>
					<name>NavPos</name>
					<value><![CDATA[5.0]]></value>
				</property>
				<property>
					<name>NavText</name>
					<value><![CDATA[Contributions]]></value>
				</property>
				<property>
					<name>Title</name>
					<value><![CDATA[How You Can Contribute]]></value>
				</property>
			</properties>
			<relations/>
			<accesscontrol/>
		</file>
		<file>
			<source>system/workplace/locales/en/help/index.html</source>
			<destination>system/workplace/locales/en/help/index.html</destination>
			<type>xmlpage</type>
			<uuidstructure>04d7af5e-11b8-11db-91cd-fdbae480bac9</uuidstructure>
			<uuidresource>984e4104-d1d3-11d9-ac19-01ff5ab8f021</uuidresource>
			<datelastmodified>Mon, 27 Mar 2006 12:00:00 GMT</datelastmodified>
			<userlastmodified>Admin</userlastmodified>
			<datecreated>Mon, 27 Jun 2005 08:00:00 GMT</datecreated>
			<usercreated>Admin</usercreated>
			<flags>0</flags>
			<properties>
				<property>
					<name>NavPos</name>
					<value><![CDATA[1.0]]></value>
				</property>
				<property>
					<name>NavText</name>
					<value><![CDATA[Help Start]]></value>
				</property>
				<property>
					<name>Title</name>
					<value><![CDATA[The OpenCms Online Help]]></value>
				</property>
				<property>
					<name>template</name>
					<value><![CDATA[/system/modules/org.opencms.workplace.help/jsptemplates/help]]></value>
				</property>
			</properties>
			<relations/>
			<accesscontrol/>
		</file>
		<file>
			<destination>system/workplace/locales/en/help/administration</destination>
			<type>folder</type>
			<uuidstructure>04da2065-11b8-11db-91cd-fdbae480bac9</uuidstructure>
			<datelastmodified>Mon, 27 Mar 2006 12:00:00 GMT</datelastmodified>
			<userlastmodified>Admin</userlastmodified>
			<datecreated>Mon, 27 Jun 2005 08:00:00 GMT</datecreated>
			<usercreated>Admin</usercreated>
			<flags>0</flags>
			<properties>
				<property>
					<name>NavPos</name>
					<value><![CDATA[3.0]]></value>
				</property>
				<property>
					<name>NavText</name>
					<value><![CDATA[Administration]]></value>
				</property>
				<property>
					<name>Title</name>
					<value><![CDATA[Administration view]]></value>
				</property>
			</properties>
			<relations/>
			<accesscontrol/>
		</file>
		<file>
			<source>system/workplace/locales/en/help/administration/index.html</source>
			<destination>system/workplace/locales/en/help/administration/index.html</destination>
			<type>xmlpage</type>
			<uuidstructure>04dc9069-11b8-11db-91cd-fdbae480bac9</uuidstructure>
			<uuidresource>f74e98f9-d29a-11d9-9e1a-01ff5ab8f021</uuidresource>
			<datelastmodified>Mon, 27 Mar 2006 12:00:00 GMT</datelastmodified>
			<userlastmodified>Admin</userlastmodified>
			<datecreated>Mon, 27 Jun 2005 08:00:00 GMT</datecreated>
			<usercreated>Admin</usercreated>
			<flags>0</flags>
			<properties>
				<property>
					<name>NavPos</name>
					<value><![CDATA[4.0]]></value>
				</property>
				<property>
					<name>NavText</name>
					<value><![CDATA[Administration]]></value>
				</property>
				<property>
					<name>Title</name>
					<value><![CDATA[OpenCms Administration]]></value>
				</property>
				<property>
					<name>template</name>
					<value><![CDATA[/system/modules/org.opencms.workplace.help/jsptemplates/help]]></value>
				</property>
			</properties>
			<relations/>
			<accesscontrol/>
		</file>
		<file>
			<destination>system/workplace/locales/en/help/administration/accounts</destination>
			<type>folder</type>
			<uuidstructure>04deda60-11b8-11db-91cd-fdbae480bac9</uuidstructure>
			<datelastmodified>Mon, 27 Mar 2006 12:00:00 GMT</datelastmodified>
			<userlastmodified>Admin</userlastmodified>
			<datecreated>Mon, 27 Jun 2005 08:00:00 GMT</datecreated>
			<usercreated>Admin</usercreated>
			<flags>0</flags>
			<properties>
				<property>
					<name>NavPos</name>
					<value><![CDATA[3.0]]></value>
				</property>
				<property>
					<name>NavText</name>
					<value><![CDATA[User Management]]></value>
				</property>
				<property>
					<name>Title</name>
					<value><![CDATA[User Management]]></value>
				</property>
			</properties>
			<relations/>
			<accesscontrol/>
		</file>
		<file>
			<source>system/workplace/locales/en/help/administration/accounts/edit_user.html</source>
			<destination>system/workplace/locales/en/help/administration/accounts/edit_user.html</destination>
			<type>xmlpage</type>
			<uuidstructure>04e14b64-11b8-11db-91cd-fdbae480bac9</uuidstructure>
			<uuidresource>f824c551-e7b0-11d9-b351-d5c12ccb7197</uuidresource>
			<datelastmodified>Mon, 27 Mar 2006 12:00:00 GMT</datelastmodified>
			<userlastmodified>Admin</userlastmodified>
			<datecreated>Mon, 27 Jun 2005 08:00:00 GMT</datecreated>
			<usercreated>Admin</usercreated>
			<flags>0</flags>
			<properties>
				<property>
					<name>Description</name>
					<value><![CDATA[Edit User]]></value>
				</property>
				<property>
					<name>NavPos</name>
					<value><![CDATA[2.0]]></value>
				</property>
				<property>
					<name>NavText</name>
					<value><![CDATA[Edit user]]></value>
				</property>
				<property>
					<name>Title</name>
					<value><![CDATA[Edit user]]></value>
				</property>
				<property>
					<name>template</name>
					<value><![CDATA[/system/modules/org.opencms.workplace.help/jsptemplates/help]]></value>
				</property>
			</properties>
			<relations/>
			<accesscontrol/>
		</file>
		<file>
			<source>system/workplace/locales/en/help/administration/accounts/index.html</source>
			<destination>system/workplace/locales/en/help/administration/accounts/index.html</destination>
			<type>xmlpage</type>
			<uuidstructure>04e3bc6b-11b8-11db-91cd-fdbae480bac9</uuidstructure>
			<uuidresource>20a75d8a-e7b0-11d9-b351-d5c12ccb7197</uuidresource>
			<datelastmodified>Mon, 27 Mar 2006 12:00:00 GMT</datelastmodified>
			<userlastmodified>Admin</userlastmodified>
			<datecreated>Mon, 27 Jun 2005 08:00:00 GMT</datecreated>
			<usercreated>Admin</usercreated>
			<flags>0</flags>
			<properties>
				<property>
					<name>Title</name>
					<value><![CDATA[User Management]]></value>
				</property>
				<property>
					<name>template</name>
					<value><![CDATA[/system/modules/org.opencms.workplace.help/jsptemplates/help]]></value>
				</property>
			</properties>
			<relations/>
			<accesscontrol/>
		</file>
		<file>
			<destination>system/workplace/locales/en/help/administration/accounts/new_user.html</destination>
			<type>xmlpage</type>
			<uuidstructure>04e6065f-11b8-11db-91cd-fdbae480bac9</uuidstructure>
			<uuidresource>f824c551-e7b0-11d9-b351-d5c12ccb7197</uuidresource>
			<datelastmodified>Mon, 27 Mar 2006 12:00:00 GMT</datelastmodified>
			<userlastmodified>Admin</userlastmodified>
			<datecreated>Mon, 27 Jun 2005 08:00:00 GMT</datecreated>
			<usercreated>Admin</usercreated>
			<flags>0</flags>
			<properties>
				<property>
					<name>Description</name>
					<value><![CDATA[Create a new user.]]></value>
				</property>
				<property>
					<name>NavPos</name>
					<value><![CDATA[1.0]]></value>
				</property>
				<property>
					<name>NavText</name>
					<value><![CDATA[New user]]></value>
				</property>
				<property>
					<name>Title</name>
					<value><![CDATA[New user]]></value>
				</property>
				<property>
					<name>template</name>
					<value><![CDATA[/system/modules/org.opencms.workplace.help/jsptemplates/help]]></value>
				</property>
			</properties>
			<relations/>
			<accesscontrol/>
		</file>
		<file>
			<destination>system/workplace/locales/en/help/administration/projects</destination>
			<type>folder</type>
			<uuidstructure>04e87766-11b8-11db-91cd-fdbae480bac9</uuidstructure>
			<datelastmodified>Mon, 27 Mar 2006 12:00:00 GMT</datelastmodified>
			<userlastmodified>Admin</userlastmodified>
			<datecreated>Mon, 27 Jun 2005 08:00:00 GMT</datecreated>
			<usercreated>Admin</usercreated>
			<flags>0</flags>
			<properties>
				<property>
					<name>NavPos</name>
					<value><![CDATA[2.0]]></value>
				</property>
				<property>
					<name>NavText</name>
					<value><![CDATA[Project Management]]></value>
				</property>
				<property>
					<name>Title</name>
					<value><![CDATA[Project Management]]></value>
				</property>
			</properties>
			<relations/>
			<accesscontrol/>
		</file>
		<file>
			<source>system/workplace/locales/en/help/administration/projects/history.html</source>
			<destination>system/workplace/locales/en/help/administration/projects/history.html</destination>
			<type>xmlpage</type>
			<uuidstructure>04eac15a-11b8-11db-91cd-fdbae480bac9</uuidstructure>
			<uuidresource>43c24bfd-e7af-11d9-b351-d5c12ccb7197</uuidresource>
			<datelastmodified>Mon, 27 Mar 2006 12:00:00 GMT</datelastmodified>
			<userlastmodified>Admin</userlastmodified>
			<datecreated>Mon, 27 Jun 2005 08:00:00 GMT</datecreated>
			<usercreated>Admin</usercreated>
			<flags>0</flags>
			<properties>
				<property>
					<name>NavPos</name>
					<value><![CDATA[3.0]]></value>
				</property>
				<property>
					<name>NavText</name>
					<value><![CDATA[Project History]]></value>
				</property>
				<property>
					<name>Title</name>
					<value><![CDATA[Project History]]></value>
				</property>
				<property>
					<name>template</name>
					<value><![CDATA[/system/modules/org.opencms.workplace.help/jsptemplates/help]]></value>
				</property>
			</properties>
			<relations/>
			<accesscontrol/>
		</file>
		<file>
			<source>system/workplace/locales/en/help/administration/projects/index.html</source>
			<destination>system/workplace/locales/en/help/administration/projects/index.html</destination>
			<type>xmlpage</type>
			<uuidstructure>04efa360-11b8-11db-91cd-fdbae480bac9</uuidstructure>
			<uuidresource>bae56467-e722-11d9-9920-d5c12ccb7197</uuidresource>
			<datelastmodified>Mon, 27 Mar 2006 12:00:00 GMT</datelastmodified>
			<userlastmodified>Admin</userlastmodified>
			<datecreated>Mon, 27 Jun 2005 08:00:00 GMT</datecreated>
			<usercreated>Admin</usercreated>
			<flags>0</flags>
			<properties>
				<property>
					<name>Title</name>
					<value><![CDATA[Project Management]]></value>
				</property>
				<property>
					<name>template</name>
					<value><![CDATA[/system/modules/org.opencms.workplace.help/jsptemplates/help]]></value>
				</property>
			</properties>
			<relations/>
			<accesscontrol/>
		</file>
		<file>
			<source>system/workplace/locales/en/help/administration/projects/new.html</source>
			<destination>system/workplace/locales/en/help/administration/projects/new.html</destination>
			<type>xmlpage</type>
			<uuidstructure>04efa364-11b8-11db-91cd-fdbae480bac9</uuidstructure>
			<uuidresource>d474da58-e7a8-11d9-a572-d5c12ccb7197</uuidresource>
			<datelastmodified>Mon, 27 Mar 2006 12:00:00 GMT</datelastmodified>
			<userlastmodified>Admin</userlastmodified>
			<datecreated>Mon, 27 Jun 2005 08:00:00 GMT</datecreated>
			<usercreated>Admin</usercreated>
			<flags>0</flags>
			<properties>
				<property>
					<name>NavPos</name>
					<value><![CDATA[1.0]]></value>
				</property>
				<property>
					<name>NavText</name>
					<value><![CDATA[New Project]]></value>
				</property>
				<property>
					<name>Title</name>
					<value><![CDATA[New Project]]></value>
				</property>
				<property>
					<name>template</name>
					<value><![CDATA[/system/modules/org.opencms.workplace.help/jsptemplates/help]]></value>
				</property>
			</properties>
			<relations/>
			<accesscontrol/>
		</file>
		<file>
			<source>system/workplace/locales/en/help/administration/projects/settings.html</source>
			<destination>system/workplace/locales/en/help/administration/projects/settings.html</destination>
			<type>xmlpage</type>
			<uuidstructure>04f1ed5a-11b8-11db-91cd-fdbae480bac9</uuidstructure>
			<uuidresource>89fc9e2e-e7ae-11d9-b351-d5c12ccb7197</uuidresource>
			<datelastmodified>Mon, 27 Mar 2006 12:00:00 GMT</datelastmodified>
			<userlastmodified>Admin</userlastmodified>
			<datecreated>Mon, 27 Jun 2005 08:00:00 GMT</datecreated>
			<usercreated>Admin</usercreated>
			<flags>0</flags>
			<properties>
				<property>
					<name>NavPos</name>
					<value><![CDATA[2.0]]></value>
				</property>
				<property>
					<name>NavText</name>
					<value><![CDATA[Project Settings]]></value>
				</property>
				<property>
					<name>Title</name>
					<value><![CDATA[Project Settings]]></value>
				</property>
				<property>
					<name>template</name>
					<value><![CDATA[/system/modules/org.opencms.workplace.help/jsptemplates/help]]></value>
				</property>
			</properties>
			<relations/>
			<accesscontrol/>
		</file>
		<file>
			<destination>system/workplace/locales/en/help/editors</destination>
			<type>folder</type>
			<uuidstructure>04f6cf61-11b8-11db-91cd-fdbae480bac9</uuidstructure>
			<datelastmodified>Mon, 27 Mar 2006 12:00:00 GMT</datelastmodified>
			<userlastmodified>Admin</userlastmodified>
			<datecreated>Mon, 27 Jun 2005 08:00:00 GMT</datecreated>
			<usercreated>Admin</usercreated>
			<flags>0</flags>
			<properties>
				<property>
					<name>NavPos</name>
					<value><![CDATA[2.0]]></value>
				</property>
				<property>
					<name>NavText</name>
					<value><![CDATA[Editors]]></value>
				</property>
				<property>
					<name>Title</name>
					<value><![CDATA[Editors]]></value>
				</property>
			</properties>
			<relations/>
			<accesscontrol/>
		</file>
		<file>
			<source>system/workplace/locales/en/help/editors/index.html</source>
			<destination>system/workplace/locales/en/help/editors/index.html</destination>
			<type>xmlpage</type>
			<uuidstructure>04f6cf65-11b8-11db-91cd-fdbae480bac9</uuidstructure>
			<uuidresource>85cd4007-d377-11d9-89d3-01ff5ab8f021</uuidresource>
			<datelastmodified>Thu, 28 Jun 2007 10:01:42 GMT</datelastmodified>
			<userlastmodified>Admin</userlastmodified>
			<datecreated>Mon, 27 Jun 2005 08:00:00 GMT</datecreated>
			<usercreated>Admin</usercreated>
			<flags>0</flags>
			<properties>
				<property>
					<name>NavPos</name>
					<value><![CDATA[2.0]]></value>
				</property>
				<property>
					<name>NavText</name>
					<value><![CDATA[Editors]]></value>
				</property>
				<property>
					<name>Title</name>
					<value><![CDATA[Editors]]></value>
				</property>
				<property>
					<name>template</name>
					<value><![CDATA[/system/modules/org.opencms.workplace.help/jsptemplates/help]]></value>
				</property>
			</properties>
			<relations/>
			<accesscontrol/>
		</file>
		<file>
			<destination>system/workplace/locales/en/help/explorer</destination>
			<type>folder</type>
			<uuidstructure>04fdd452-11b8-11db-91cd-fdbae480bac9</uuidstructure>
			<datelastmodified>Mon, 27 Mar 2006 12:00:00 GMT</datelastmodified>
			<userlastmodified>Admin</userlastmodified>
			<datecreated>Mon, 27 Jun 2005 08:00:00 GMT</datecreated>
			<usercreated>Admin</usercreated>
			<flags>0</flags>
			<properties>
				<property>
					<name>NavPos</name>
					<value><![CDATA[2.0]]></value>
				</property>
				<property>
					<name>NavText</name>
					<value><![CDATA[Explorer]]></value>
				</property>
				<property>
					<name>Title</name>
					<value><![CDATA[Explorer]]></value>
				</property>
			</properties>
			<relations/>
			<accesscontrol/>
		</file>
		<file>
			<source>system/workplace/locales/en/help/explorer/history.html</source>
			<destination>system/workplace/locales/en/help/explorer/history.html</destination>
			<type>xmlpage</type>
			<uuidstructure>05004556-11b8-11db-91cd-fdbae480bac9</uuidstructure>
			<uuidresource>38f29c8a-e7b9-11d9-8012-a1f5610ecc83</uuidresource>
			<datelastmodified>Mon, 27 Mar 2006 12:00:00 GMT</datelastmodified>
			<userlastmodified>Admin</userlastmodified>
			<datecreated>Mon, 27 Jun 2005 08:00:00 GMT</datecreated>
			<usercreated>Admin</usercreated>
			<flags>0</flags>
			<properties>
				<property>
					<name>NavPos</name>
					<value><![CDATA[1.0]]></value>
				</property>
				<property>
					<name>NavText</name>
					<value><![CDATA[Resource History]]></value>
				</property>
				<property>
					<name>Title</name>
					<value><![CDATA[Resource History]]></value>
				</property>
				<property>
					<name>template</name>
					<value><![CDATA[/system/modules/org.opencms.workplace.help/jsptemplates/help]]></value>
				</property>
			</properties>
			<relations/>
			<accesscontrol/>
		</file>
		<file>
			<source>system/workplace/locales/en/help/explorer/index.html</source>
			<destination>system/workplace/locales/en/help/explorer/index.html</destination>
			<type>xmlpage</type>
			<uuidstructure>0502b65c-11b8-11db-91cd-fdbae480bac9</uuidstructure>
			<uuidresource>6d98dfa5-d1d3-11d9-ac19-01ff5ab8f021</uuidresource>
			<datelastmodified>Mon, 27 Mar 2006 12:00:00 GMT</datelastmodified>
			<userlastmodified>Admin</userlastmodified>
			<datecreated>Mon, 27 Jun 2005 08:00:00 GMT</datecreated>
			<usercreated>Admin</usercreated>
			<flags>0</flags>
			<properties>
				<property>
					<name>NavPos</name>
					<value><![CDATA[2.0]]></value>
				</property>
				<property>
					<name>NavText</name>
					<value><![CDATA[The OpenCms Explorer]]></value>
				</property>
				<property>
					<name>Title</name>
					<value><![CDATA[The OpenCms Explorer]]></value>
				</property>
				<property>
					<name>template</name>
					<value><![CDATA[/system/modules/org.opencms.workplace.help/jsptemplates/help]]></value>
				</property>
			</properties>
			<relations/>
			<accesscontrol/>
		</file>
		<file>
			<source>system/workplace/locales/en/help/explorer/preferences.html</source>
			<destination>system/workplace/locales/en/help/explorer/preferences.html</destination>
			<type>xmlpage</type>
			<uuidstructure>05050052-11b8-11db-91cd-fdbae480bac9</uuidstructure>
			<uuidresource>5552dab4-d29a-11d9-9e1a-01ff5ab8f021</uuidresource>
			<datelastmodified>Mon, 27 Mar 2006 12:00:00 GMT</datelastmodified>
			<userlastmodified>Admin</userlastmodified>
			<datecreated>Mon, 27 Jun 2005 08:00:00 GMT</datecreated>
			<usercreated>Admin</usercreated>
			<flags>0</flags>
			<properties>
				<property>
					<name>NavPos</name>
					<value><![CDATA[1.0]]></value>
				</property>
				<property>
					<name>NavText</name>
					<value><![CDATA[Editing the Preferences]]></value>
				</property>
				<property>
					<name>Title</name>
					<value><![CDATA[Editing the Preferences]]></value>
				</property>
				<property>
					<name>template</name>
					<value><![CDATA[/system/modules/org.opencms.workplace.help/jsptemplates/help]]></value>
				</property>
			</properties>
			<relations/>
			<accesscontrol/>
		</file>
		<file>
			<source>system/workplace/locales/en/help/explorer/publishresource.html</source>
			<destination>system/workplace/locales/en/help/explorer/publishresource.html</destination>
			<type>xmlpage</type>
			<uuidstructure>05077158-11b8-11db-91cd-fdbae480bac9</uuidstructure>
			<uuidresource>84670ea5-e71b-11d9-88be-a1f5610ecc83</uuidresource>
			<datelastmodified>Mon, 27 Mar 2006 12:00:00 GMT</datelastmodified>
			<userlastmodified>Admin</userlastmodified>
			<datecreated>Mon, 27 Jun 2005 08:00:00 GMT</datecreated>
			<usercreated>Admin</usercreated>
			<flags>0</flags>
			<properties>
				<property>
					<name>NavPos</name>
					<value><![CDATA[1.0]]></value>
				</property>
				<property>
					<name>NavText</name>
					<value><![CDATA[Publishing Resources]]></value>
				</property>
				<property>
					<name>Title</name>
					<value><![CDATA[Publishing Resources]]></value>
				</property>
				<property>
					<name>template</name>
					<value><![CDATA[/system/modules/org.opencms.workplace.help/jsptemplates/help]]></value>
				</property>
			</properties>
			<relations/>
			<accesscontrol/>
		</file>
		<file>
			<source>system/workplace/locales/en/help/explorer/touch.html</source>
			<destination>system/workplace/locales/en/help/explorer/touch.html</destination>
			<type>xmlpage</type>
			<uuidstructure>0509e25e-11b8-11db-91cd-fdbae480bac9</uuidstructure>
			<uuidresource>3179e172-e7b8-11d9-8012-a1f5610ecc83</uuidresource>
			<datelastmodified>Mon, 27 Mar 2006 12:00:00 GMT</datelastmodified>
			<userlastmodified>Admin</userlastmodified>
			<datecreated>Mon, 27 Jun 2005 08:00:00 GMT</datecreated>
			<usercreated>Admin</usercreated>
			<flags>0</flags>
			<properties>
				<property>
					<name>NavPos</name>
					<value><![CDATA[1.0]]></value>
				</property>
				<property>
					<name>NavText</name>
					<value><![CDATA[Touching Resources]]></value>
				</property>
				<property>
					<name>Title</name>
					<value><![CDATA[Touching Resources]]></value>
				</property>
				<property>
					<name>template</name>
					<value><![CDATA[/system/modules/org.opencms.workplace.help/jsptemplates/help]]></value>
				</property>
			</properties>
			<relations/>
			<accesscontrol/>
		</file>
		<file>
			<destination>system/workplace/locales/en/help/explorer/dialogs</destination>
			<type>folder</type>
			<uuidstructure>050c2c55-11b8-11db-91cd-fdbae480bac9</uuidstructure>
			<datelastmodified>Mon, 27 Mar 2006 12:00:00 GMT</datelastmodified>
			<userlastmodified>Admin</userlastmodified>
			<datecreated>Mon, 27 Jun 2005 08:00:00 GMT</datecreated>
			<usercreated>Admin</usercreated>
			<flags>0</flags>
			<properties/>
			<relations/>
			<accesscontrol/>
		</file>
		<file>
			<destination>system/workplace/locales/en/help/images</destination>
			<type>folder</type>
			<uuidstructure>050e9d57-11b8-11db-91cd-fdbae480bac9</uuidstructure>
			<datelastmodified>Mon, 27 Mar 2006 12:00:00 GMT</datelastmodified>
			<userlastmodified>Admin</userlastmodified>
			<datecreated>Mon, 27 Jun 2005 08:00:00 GMT</datecreated>
			<usercreated>Admin</usercreated>
			<flags>0</flags>
			<properties>
				<property>
					<name>Title</name>
					<value><![CDATA[Images for the English Online Help]]></value>
				</property>
			</properties>
			<relations/>
			<accesscontrol/>
		</file>
		<file>
			<source>system/workplace/locales/en/help/images/context-menu.jpg</source>
			<destination>system/workplace/locales/en/help/images/context-menu.jpg</destination>
			<type>image</type>
			<uuidstructure>0510e749-11b8-11db-91cd-fdbae480bac9</uuidstructure>
			<uuidresource>cd2303cd-e71a-11d9-88be-a1f5610ecc83</uuidresource>
			<datelastmodified>Mon, 27 Mar 2006 12:00:00 GMT</datelastmodified>
			<userlastmodified>Admin</userlastmodified>
			<datecreated>Mon, 27 Jun 2005 08:00:00 GMT</datecreated>
			<usercreated>Admin</usercreated>
			<flags>0</flags>
			<properties>
				<property type="shared">
					<name>image.size</name>
					<value><![CDATA[w:610,h:427]]></value>
				</property>
			</properties>
			<relations/>
			<accesscontrol/>
		</file>
		<file>
			<source>system/workplace/locales/en/help/images/preferences.jpg</source>
			<destination>system/workplace/locales/en/help/images/preferences.jpg</destination>
			<type>image</type>
			<uuidstructure>057c534f-11b8-11db-91cd-fdbae480bac9</uuidstructure>
			<uuidresource>6e33b717-e7b5-11d9-8012-a1f5610ecc83</uuidresource>
			<datelastmodified>Mon, 27 Mar 2006 12:00:00 GMT</datelastmodified>
			<userlastmodified>Admin</userlastmodified>
			<datecreated>Mon, 27 Jun 2005 08:00:00 GMT</datecreated>
			<usercreated>Admin</usercreated>
			<flags>0</flags>
			<properties>
				<property type="shared">
					<name>image.size</name>
					<value><![CDATA[w:629,h:213]]></value>
				</property>
			</properties>
			<relations/>
			<accesscontrol/>
		</file>
		<file>
			<destination>system/modules</destination>
			<type>folder</type>
			<uuidstructure>82515fe7-11b7-11db-91cd-fdbae480bac9</uuidstructure>
			<datelastmodified>Mon, 27 Mar 2006 12:00:00 GMT</datelastmodified>
			<userlastmodified>Admin</userlastmodified>
			<datecreated>Mon, 27 Jun 2005 08:00:00 GMT</datecreated>
			<usercreated>Admin</usercreated>
			<flags>0</flags>
			<properties/>
			<relations/>
			<accesscontrol/>
		</file>
		<file>
			<destination>system/modules/org.opencms.workplace.help</destination>
			<type>folder</type>
			<uuidstructure>f41907be-11b7-11db-91cd-fdbae480bac9</uuidstructure>
			<datelastmodified>Mon, 27 Mar 2006 12:00:00 GMT</datelastmodified>
			<userlastmodified>Admin</userlastmodified>
			<datecreated>Mon, 27 Jun 2005 08:00:00 GMT</datecreated>
			<usercreated>Admin</usercreated>
			<flags>0</flags>
			<properties>
				<property>
					<name>export</name>
					<value><![CDATA[false]]></value>
				</property>
			</properties>
			<relations/>
			<accesscontrol/>
		</file>
		<file>
			<destination>system/modules/org.opencms.workplace.help/classes</destination>
			<type>folder</type>
			<uuidstructure>f41907c1-11b7-11db-91cd-fdbae480bac9</uuidstructure>
			<datelastmodified>Mon, 27 Mar 2006 12:00:00 GMT</datelastmodified>
			<userlastmodified>Admin</userlastmodified>
			<datecreated>Mon, 27 Jun 2005 08:00:00 GMT</datecreated>
			<usercreated>Admin</usercreated>
			<flags>0</flags>
			<properties/>
			<relations/>
			<accesscontrol/>
		</file>
		<file>
			<destination>system/modules/org.opencms.workplace.help/classes/org</destination>
			<type>folder</type>
			<uuidstructure>f41b51b3-11b7-11db-91cd-fdbae480bac9</uuidstructure>
			<datelastmodified>Mon, 27 Mar 2006 12:00:00 GMT</datelastmodified>
			<userlastmodified>Admin</userlastmodified>
			<datecreated>Mon, 27 Jun 2005 08:00:00 GMT</datecreated>
			<usercreated>Admin</usercreated>
			<flags>0</flags>
			<properties/>
			<relations/>
			<accesscontrol/>
		</file>
		<file>
			<destination>system/modules/org.opencms.workplace.help/classes/org/opencms</destination>
			<type>folder</type>
			<uuidstructure>f41dc2b5-11b7-11db-91cd-fdbae480bac9</uuidstructure>
			<datelastmodified>Mon, 27 Mar 2006 12:00:00 GMT</datelastmodified>
			<userlastmodified>Admin</userlastmodified>
			<datecreated>Mon, 27 Jun 2005 08:00:00 GMT</datecreated>
			<usercreated>Admin</usercreated>
			<flags>0</flags>
			<properties/>
			<relations/>
			<accesscontrol/>
		</file>
		<file>
			<destination>system/modules/org.opencms.workplace.help/classes/org/opencms/workplace</destination>
			<type>folder</type>
			<uuidstructure>f41dc2b7-11b7-11db-91cd-fdbae480bac9</uuidstructure>
			<datelastmodified>Mon, 27 Mar 2006 12:00:00 GMT</datelastmodified>
			<userlastmodified>Admin</userlastmodified>
			<datecreated>Mon, 27 Jun 2005 08:00:00 GMT</datecreated>
			<usercreated>Admin</usercreated>
			<flags>0</flags>
			<properties/>
			<relations/>
			<accesscontrol/>
		</file>
		<file>
			<destination>system/modules/org.opencms.workplace.help/classes/org/opencms/workplace/help</destination>
			<type>folder</type>
			<uuidstructure>f42033b9-11b7-11db-91cd-fdbae480bac9</uuidstructure>
			<datelastmodified>Mon, 27 Mar 2006 12:00:00 GMT</datelastmodified>
			<userlastmodified>Admin</userlastmodified>
			<datecreated>Mon, 27 Jun 2005 08:00:00 GMT</datecreated>
			<usercreated>Admin</usercreated>
			<flags>0</flags>
			<properties/>
			<relations/>
			<accesscontrol/>
		</file>
		<file>
			<source>system/modules/org.opencms.workplace.help/classes/org/opencms/workplace/help/mappings.properties</source>
			<destination>system/modules/org.opencms.workplace.help/classes/org/opencms/workplace/help/mappings.properties</destination>
			<type>plain</type>
			<uuidstructure>f4227daa-11b7-11db-91cd-fdbae480bac9</uuidstructure>
			<uuidresource>4531ec0a-d2a0-11d9-9e1a-01ff5ab8f021</uuidresource>
			<datelastmodified>Mon, 27 Mar 2006 12:00:00 GMT</datelastmodified>
			<userlastmodified>Admin</userlastmodified>
			<datecreated>Mon, 27 Jun 2005 08:00:00 GMT</datecreated>
			<usercreated>Admin</usercreated>
			<flags>0</flags>
			<properties/>
			<relations/>
			<accesscontrol/>
		</file>
	</files>
</export>
