<?xml version="1.0" encoding="UTF-8"?>

<export>
  <info>
    <creator>Admin</creator>
    <opencms_version>9.0.0</opencms_version>
    <createdate>Mon, 15 Mar 2010 15:26:37 GMT</createdate>
    <infoproject>Offline</infoproject>
    <export_version>7</export_version>
  </info>
  <module>
    <name>org.opencms.ade.sitemap</name>
    <nicename><![CDATA[OpenCms 9 Sitemap]]></nicename>
    <group>OpenCms ADE</group>
    <class/>
    <description><![CDATA[<p>ADE Sitemap Editor.</p>
<p><i>(c) 2013 by Alkacon Software GmbH (http://www.alkacon.com).</i></p>]]></description>
    <version>9.0.0</version>
    <authorname><![CDATA[Alkacon Software GmbH]]></authorname>
    <authoremail><![CDATA[info@alkacon.com]]></authoremail>
    <datecreated>Mon, 27 Jun 2005 08:00:00 GMT</datecreated>
    <userinstalled/>
    <dateinstalled/>
    <dependencies>
      <dependency name="org.opencms.ade.config" version="9.0.0"/>
    </dependencies>
    <exportpoints>
      <exportpoint uri="/system/modules/org.opencms.ade.sitemap/resources/" destination="resources/ade/"/>
    </exportpoints>
    <resources>
      <resource uri="/system/modules/org.opencms.ade.sitemap/"/>
      <resource uri="/system/workplace/resources/filetypes/subsitemap.png"/>
      <resource uri="/system/workplace/resources/filetypes/subsitemap_big.png"/>
      <resource uri="/system/workplace/resources/filetypes/htmlredirect.png"/>
      <resource uri="/system/workplace/resources/filetypes/htmlredirect_big.png"/>
    </resources>
    <resourcetypes/>
    <explorertypes/>
  </module>
  <files>
    <file>
      <destination>system</destination>
      <type>folder</type>
      <uuidstructure>c7cab06f-1a41-11df-bb09-654568eded92</uuidstructure>
      <datelastmodified>Mon, 27 Jun 2005 08:00:00 GMT</datelastmodified>
      <userlastmodified>Admin</userlastmodified>
      <datecreated>Mon, 15 Feb 2010 14:52:47 GMT</datecreated>
      <usercreated>Admin</usercreated>
      <flags>0</flags>
      <properties/>
      <relations/>
      <accesscontrol>
        <accessentry>
          <uuidprincipal>ROLE.WORKPLACE_USER</uuidprincipal>
          <flags>514</flags>
          <permissionset>
            <allowed>1</allowed>
            <denied>0</denied>
          </permissionset>
        </accessentry>
      </accesscontrol>
    </file>
    <file>
      <destination>system/modules</destination>
      <type>folder</type>
      <uuidstructure>c86ce418-1a41-11df-bb09-654568eded92</uuidstructure>
      <datelastmodified>Mon, 15 Feb 2010 14:52:48 GMT</datelastmodified>
      <userlastmodified>Admin</userlastmodified>
      <datecreated>Mon, 15 Feb 2010 14:52:48 GMT</datecreated>
      <usercreated>Admin</usercreated>
      <flags>0</flags>
      <properties/>
      <relations/>
      <accesscontrol>
        <accessentry>
          <uuidprincipal>ROLE.WORKPLACE_USER</uuidprincipal>
          <flags>514</flags>
          <permissionset>
            <allowed>5</allowed>
            <denied>0</denied>
          </permissionset>
        </accessentry>
      </accesscontrol>
    </file>
    <file>
      <destination>system/modules/org.opencms.ade.sitemap</destination>
      <type>folder</type>
      <uuidstructure>c0ade2a2-11b7-11db-bbbb-fd3ae480fac9</uuidstructure>
      <datelastmodified>Mon, 27 Mar 2006 12:00:00 GMT</datelastmodified>
      <userlastmodified>Admin</userlastmodified>
      <datecreated>Mon, 20 Feb 2006 14:05:57 GMT</datecreated>
      <usercreated>Admin</usercreated>
      <flags>0</flags>
      <properties/>
      <relations/>
      <accesscontrol/>
    </file>
    <file>
      <source>system/modules/org.opencms.ade.sitemap/.config</source>
      <destination>system/modules/org.opencms.ade.sitemap/.config</destination>
      <type>module_config</type>
      <uuidstructure>cf584f92-93b2-4788-ad9f-d9c3b4955ce6</uuidstructure>
      <uuidresource>cf584f92-93b2-4788-ad9f-d9c3b4955ce7</uuidresource>
      <datelastmodified>Mon, 17 Jan 2011 10:01:54 GMT</datelastmodified>
      <userlastmodified>Admin</userlastmodified>
      <datecreated>Mon, 17 Jan 2011 09:34:17 GMT</datecreated>
      <usercreated>Admin</usercreated>
      <flags>0</flags>
      <properties>
        <property>
          <name>locale</name>
          <value><![CDATA[en]]></value>
        </property>
        <property>
          <name>locale-available</name>
          <value><![CDATA[en]]></value>
        </property>
      </properties>
      <relations/>
      <accesscontrol/>
    </file>
    <file>
      <destination>system/modules/org.opencms.ade.sitemap/pages</destination>
      <type>folder</type>
      <uuidstructure>e9bf555e-7734-11e0-89e5-d14bc4448678</uuidstructure>
      <datelastmodified>Thu, 05 May 2011 16:29:56 GMT</datelastmodified>
      <userlastmodified>Admin</userlastmodified>
      <datecreated>Thu, 05 May 2011 16:29:56 GMT</datecreated>
      <usercreated>Admin</usercreated>
      <flags>0</flags>
      <properties/>
      <relations/>
      <accesscontrol/>
    </file>
    <file>
      <source>system/modules/org.opencms.ade.sitemap/pages/notemplate.png</source>
      <destination>system/modules/org.opencms.ade.sitemap/pages/notemplate.png</destination>
      <type>image</type>
      <uuidstructure>653b45a9-7735-11e0-89e5-d14bc4448678</uuidstructure>
      <uuidresource>653b45aa-7735-11e0-89e5-d14bc4448678</uuidresource>
      <datelastmodified>Thu, 05 May 2011 16:33:23 GMT</datelastmodified>
      <userlastmodified>Admin</userlastmodified>
      <datecreated>Thu, 05 May 2011 16:33:23 GMT</datecreated>
      <usercreated>Admin</usercreated>
      <flags>0</flags>
      <properties>
        <property>
          <name>Title</name>
          <value><![CDATA[notemplate]]></value>
        </property>
        <property type="shared">
          <name>image.size</name>
          <value><![CDATA[w:64,h:64]]></value>
        </property>
      </properties>
      <relations/>
      <accesscontrol/>
    </file>
    <file>
      <source>system/modules/org.opencms.ade.sitemap/pages/redirect-detail.jsp</source>
      <destination>system/modules/org.opencms.ade.sitemap/pages/redirect-detail.jsp</destination>
      <type>jsp</type>
      <uuidstructure>6544bb8d-7735-11e0-89e5-d14bc4448678</uuidstructure>
      <uuidresource>6544bb8e-7735-11e0-89e5-d14bc4448678</uuidresource>
      <datelastmodified>Thu, 05 May 2011 16:33:23 GMT</datelastmodified>
      <userlastmodified>Admin</userlastmodified>
      <datecreated>Thu, 05 May 2011 16:33:23 GMT</datecreated>
      <usercreated>Admin</usercreated>
      <flags>0</flags>
      <properties>
        <property>
          <name>Title</name>
          <value><![CDATA[redirect-detail]]></value>
        </property>
        <property type="shared">
          <name>export</name>
          <value><![CDATA[false]]></value>
        </property>
      </properties>
      <relations/>
      <accesscontrol/>
    </file>
    <file>
      <source>system/modules/org.opencms.ade.sitemap/pages/render-seo-file.jsp</source>
      <destination>system/modules/org.opencms.ade.sitemap/pages/render-seo-file.jsp</destination>
      <type>jsp</type>
      <uuidstructure>4a982d98-b3ec-4709-a5c3-2c57a9c670c5</uuidstructure>
      <uuidresource>71b01b3d-207f-46b3-b7c0-d551782070ca</uuidresource>
      <datelastmodified>Thu, 05 May 2011 16:33:23 GMT</datelastmodified>
      <userlastmodified>Admin</userlastmodified>
      <datecreated>Thu, 05 May 2011 16:33:23 GMT</datecreated>
      <usercreated>Admin</usercreated>
      <flags>0</flags>
      <properties>
        <property>
          <name>Title</name>
          <value><![CDATA[render-seo-file]]></value>
        </property>
        <property type="shared">
          <name>export</name>
          <value><![CDATA[false]]></value>
        </property>
        <property>
          <name>cache</name>
          <value><![CDATA[uri]]></value>
        </property>
      </properties>
      <relations/>
      <accesscontrol/>
    </file>
    <file>
      <source>system/modules/org.opencms.ade.sitemap/pages/download-aliases.jsp</source>
      <destination>system/modules/org.opencms.ade.sitemap/pages/download-aliases.jsp</destination>
      <type>jsp</type>
      <uuidstructure>08bb7d11-23eb-4507-ab0e-b978d582a8bb</uuidstructure>
      <uuidresource>08bb7d12-23eb-4507-ab0e-b978d582a8bb</uuidresource>
      <datelastmodified>Thu, 05 May 2011 16:33:23 GMT</datelastmodified>
      <userlastmodified>Admin</userlastmodified>
      <datecreated>Thu, 05 May 2011 16:33:23 GMT</datecreated>
      <usercreated>Admin</usercreated>
      <flags>0</flags>
      <properties>
        <property>
          <name>Title</name>
          <value><![CDATA[download-aliases]]></value>
        </property>
        <property type="shared">
          <name>export</name>
          <value><![CDATA[false]]></value>
        </property>
        <property>
          <name>cache</name>
          <value><![CDATA[bypass]]></value>
        </property>
      </properties>
      <relations/>
      <accesscontrol/>
    </file>
    <file>
      <source>system/modules/org.opencms.ade.sitemap/pages/import-aliases.jsp</source>
      <destination>system/modules/org.opencms.ade.sitemap/pages/import-aliases.jsp</destination>
      <type>jsp</type>
      <uuidstructure>367b6c2f-2a6d-4b5d-b4a0-3f7b8519a8ac</uuidstructure>
      <uuidresource>8c32fbcd-a5b5-49e6-8ab5-aa792e5cb592</uuidresource>
      <datelastmodified>Thu, 05 May 2011 16:33:23 GMT</datelastmodified>
      <userlastmodified>Admin</userlastmodified>
      <datecreated>Thu, 05 May 2011 16:33:23 GMT</datecreated>
      <usercreated>Admin</usercreated>
      <flags>0</flags>
      <properties>
        <property>
          <name>Title</name>
          <value><![CDATA[import-aliases]]></value>
        </property>
        <property type="shared">
          <name>export</name>
          <value><![CDATA[false]]></value>
        </property>
      </properties>
      <relations/>
      <accesscontrol/>
    </file>
    <file>
      <source>system/modules/org.opencms.ade.sitemap/pages/sitemap.jsp</source>
      <destination>system/modules/org.opencms.ade.sitemap/pages/sitemap.jsp</destination>
      <type>jsp</type>
      <uuidstructure>654be781-7735-11e0-89e5-d14bc4448678</uuidstructure>
      <uuidresource>654be782-7735-11e0-89e5-d14bc4448678</uuidresource>
      <datelastmodified>Thu, 05 May 2011 16:33:23 GMT</datelastmodified>
      <userlastmodified>Admin</userlastmodified>
      <datecreated>Thu, 05 May 2011 16:33:23 GMT</datecreated>
      <usercreated>Admin</usercreated>
      <flags>0</flags>
      <properties>
        <property>
          <name>Title</name>
          <value><![CDATA[sitemap]]></value>
        </property>
        <property type="shared">
          <name>export</name>
          <value><![CDATA[false]]></value>
        </property>
      </properties>
      <relations/>
      <accesscontrol/>
    </file>
    <file>
      <source>system/modules/org.opencms.ade.sitemap/pages/sub-level-redirect.html</source>
      <destination>system/modules/org.opencms.ade.sitemap/pages/sub-level-redirect.html</destination>
      <type>htmlredirect</type>
      <uuidstructure>bba62bd0-7f0c-11e1-a2a6-b38ba2bad1b2</uuidstructure>
      <uuidresource>bba62bd1-7f0c-11e1-a2a6-b38ba2bad1b2</uuidresource>
      <datelastmodified>Thu, 05 Apr 2012 10:47:37 GMT</datelastmodified>
      <userlastmodified>Admin</userlastmodified>
      <datecreated>Thu, 05 Apr 2012 10:47:26 GMT</datecreated>
      <usercreated>Admin</usercreated>
      <flags>0</flags>
      <properties>
        <property>
          <name>Title</name>
          <value><![CDATA[Sub level redirect]]></value>
        </property>
        <property type="shared">
          <name>template-elements</name>
          <value><![CDATA[/system/modules/org.opencms.ade.sitemap/pages/redirect-detail.jsp]]></value>
        </property>
      </properties>
      <relations/>
      <accesscontrol/>
    </file>
    <file>
      <destination>system/workplace</destination>
      <type>folder</type>
      <uuidstructure>825afce2-11b7-11db-91cd-fdbae480bac9</uuidstructure>
      <datelastmodified>Mon, 27 Mar 2006 12:00:00 GMT</datelastmodified>
      <userlastmodified>Admin</userlastmodified>
      <datecreated>Mon, 27 Jun 2005 08:00:00 GMT</datecreated>
      <usercreated>Admin</usercreated>
      <flags>0</flags>
      <properties>
        <property>
          <name>content-encoding</name>
          <value><![CDATA[UTF-8]]></value>
        </property>
        <property>
          <name>export</name>
          <value><![CDATA[false]]></value>
        </property>
        <property>
          <name>login-form</name>
          <value><![CDATA[/system/login/index.html]]></value>
        </property>
      </properties>
      <relations/>
      <accesscontrol>
        <accessentry>
          <uuidprincipal>ALL_OTHERS</uuidprincipal>
          <flags>134</flags>
          <permissionset>
            <allowed>0</allowed>
            <denied>0</denied>
          </permissionset>
        </accessentry>
        <accessentry>
          <uuidprincipal>ROLE.WORKPLACE_USER</uuidprincipal>
          <flags>518</flags>
          <permissionset>
            <allowed>5</allowed>
            <denied>0</denied>
          </permissionset>
        </accessentry>
      </accesscontrol>
    </file>
    <file>
      <destination>system/workplace/resources</destination>
      <type>folder</type>
      <uuidstructure>82c16052-11b7-11db-91cd-fdbae480bac9</uuidstructure>
      <datelastmodified>Mon, 27 Mar 2006 12:00:00 GMT</datelastmodified>
      <userlastmodified>Admin</userlastmodified>
      <datecreated>Mon, 27 Jun 2005 08:00:00 GMT</datecreated>
      <usercreated>Admin</usercreated>
      <flags>0</flags>
      <properties/>
      <relations/>
      <accesscontrol/>
    </file>
    <file>
      <destination>system/workplace/resources/filetypes</destination>
      <type>folder</type>
      <uuidstructure>83ca1dcc-11b7-11db-91cd-fdbae480bac9</uuidstructure>
      <datelastmodified>Mon, 27 Mar 2006 12:00:00 GMT</datelastmodified>
      <userlastmodified>Admin</userlastmodified>
      <datecreated>Mon, 27 Jun 2005 08:00:00 GMT</datecreated>
      <usercreated>Admin</usercreated>
      <flags>0</flags>
      <properties/>
      <relations/>
      <accesscontrol/>
    </file>
    <file>
      <source>system/workplace/resources/filetypes/htmlredirect.png</source>
      <destination>system/workplace/resources/filetypes/htmlredirect.png</destination>
      <type>image</type>
      <uuidstructure>77120f85-7584-11e0-a519-a1b7a1ca2b7f</uuidstructure>
      <uuidresource>77120f86-7584-11e0-a519-a1b7a1ca2b7f</uuidresource>
      <datelastmodified>Tue, 03 May 2011 12:54:32 GMT</datelastmodified>
      <userlastmodified>Admin</userlastmodified>
      <datecreated>Tue, 03 May 2011 12:54:21 GMT</datecreated>
      <usercreated>Admin</usercreated>
      <flags>0</flags>
      <properties>
        <property type="shared">
          <name>image.size</name>
          <value><![CDATA[w:16,h:16]]></value>
        </property>
      </properties>
      <relations/>
      <accesscontrol/>
    </file>
    <file>
      <source>system/workplace/resources/filetypes/htmlredirect_big.png</source>
      <destination>system/workplace/resources/filetypes/htmlredirect_big.png</destination>
      <type>image</type>
      <uuidstructure>d08bd58e-7649-11e0-89d1-5b4e51806a5b</uuidstructure>
      <uuidresource>d08bd58f-7649-11e0-89d1-5b4e51806a5b</uuidresource>
      <datelastmodified>Wed, 04 May 2011 12:28:00 GMT</datelastmodified>
      <userlastmodified>Admin</userlastmodified>
      <datecreated>Wed, 04 May 2011 12:27:02 GMT</datecreated>
      <usercreated>Admin</usercreated>
      <flags>0</flags>
      <properties>
        <property type="shared">
          <name>image.size</name>
          <value><![CDATA[w:24,h:24]]></value>
        </property>
      </properties>
      <relations/>
      <accesscontrol/>
    </file>
    <file>
      <source>system/workplace/resources/filetypes/subsitemap.png</source>
      <destination>system/workplace/resources/filetypes/subsitemap.png</destination>
      <type>image</type>
      <uuidstructure>770d2d81-7584-11e0-a519-a1b7a1ca2b7f</uuidstructure>
      <uuidresource>770d2d82-7584-11e0-a519-a1b7a1ca2b7f</uuidresource>
      <datelastmodified>Tue, 03 May 2011 13:05:12 GMT</datelastmodified>
      <userlastmodified>Admin</userlastmodified>
      <datecreated>Tue, 03 May 2011 12:54:21 GMT</datecreated>
      <usercreated>Admin</usercreated>
      <flags>0</flags>
      <properties>
        <property type="shared">
          <name>image.size</name>
          <value><![CDATA[w:16,h:16]]></value>
        </property>
      </properties>
      <relations/>
      <accesscontrol/>
    </file>
    <file>
      <source>system/workplace/resources/filetypes/subsitemap_big.png</source>
      <destination>system/workplace/resources/filetypes/subsitemap_big.png</destination>
      <type>image</type>
      <uuidstructure>d0b92742-7649-11e0-89d1-5b4e51806a5b</uuidstructure>
      <uuidresource>d0b92743-7649-11e0-89d1-5b4e51806a5b</uuidresource>
      <datelastmodified>Wed, 04 May 2011 12:28:00 GMT</datelastmodified>
      <userlastmodified>Admin</userlastmodified>
      <datecreated>Wed, 04 May 2011 12:27:02 GMT</datecreated>
      <usercreated>Admin</usercreated>
      <flags>0</flags>
      <properties>
        <property type="shared">
          <name>image.size</name>
          <value><![CDATA[w:24,h:24]]></value>
        </property>
      </properties>
      <relations/>
      <accesscontrol/>
    </file>
    <file>
      <destination>system/modules/org.opencms.ade.sitemap/resources</destination>
      <type>folder</type>
      <uuidstructure>c0ade2a2-fde7-11db-b43b-fd3ae480fac9</uuidstructure>
      <datelastmodified>Mon, 27 Mar 2006 12:00:00 GMT</datelastmodified>
      <userlastmodified>Admin</userlastmodified>
      <datecreated>Mon, 20 Feb 2006 14:05:57 GMT</datecreated>
      <usercreated>Admin</usercreated>
      <flags>0</flags>
      <properties/>
      <relations/>
      <accesscontrol/>
    </file>
    <file>
      <destination>system/modules/org.opencms.ade.sitemap/resources/sitemap</destination>
      <type>folder</type>
      <uuidstructure>226de3bf-71ae-11e0-883b-cd21a79dc8d2</uuidstructure>
      <datelastmodified>Thu, 28 Apr 2011 15:42:33 GMT</datelastmodified>
      <userlastmodified>Admin</userlastmodified>
      <datecreated>Thu, 28 Apr 2011 15:42:33 GMT</datecreated>
      <usercreated>Admin</usercreated>
      <flags>0</flags>
      <properties/>
      <relations/>
      <accesscontrol/>
    </file>
    <file>
      <source>system/modules/org.opencms.ade.sitemap/resources/sitemap/FC59AF8703D5CC41E70B5F9E7AF710E4.cache.html</source>
      <destination>system/modules/org.opencms.ade.sitemap/resources/sitemap/FC59AF8703D5CC41E70B5F9E7AF710E4.cache.html</destination>
      <type>plain</type>
      <uuidstructure>21181ecb-48a1-11e3-a3aa-a76ed3f93b20</uuidstructure>
      <uuidresource>21186cec-48a1-11e3-a3aa-a76ed3f93b20</uuidresource>
      <datelastmodified>Fri, 08 Nov 2013 18:11:03 GMT</datelastmodified>
      <userlastmodified>Admin</userlastmodified>
      <datecreated>Fri, 08 Nov 2013 18:11:03 GMT</datecreated>
      <usercreated>Admin</usercreated>
      <flags>0</flags>
      <properties/>
      <relations/>
      <accesscontrol/>
    </file>
    <file>
      <source>system/modules/org.opencms.ade.sitemap/resources/sitemap/B6D744F8C207FB6C4089CB5B234C5170.cache.html</source>
      <destination>system/modules/org.opencms.ade.sitemap/resources/sitemap/B6D744F8C207FB6C4089CB5B234C5170.cache.html</destination>
      <type>plain</type>
      <uuidstructure>211b7a2d-48a1-11e3-a3aa-a76ed3f93b20</uuidstructure>
      <uuidresource>211bc84e-48a1-11e3-a3aa-a76ed3f93b20</uuidresource>
      <datelastmodified>Fri, 08 Nov 2013 18:11:03 GMT</datelastmodified>
      <userlastmodified>Admin</userlastmodified>
      <datecreated>Fri, 08 Nov 2013 18:11:03 GMT</datecreated>
      <usercreated>Admin</usercreated>
      <flags>0</flags>
      <properties/>
      <relations/>
      <accesscontrol/>
    </file>
    <file>
      <source>system/modules/org.opencms.ade.sitemap/resources/sitemap/E0534362E18A03CCE215C398EAD0ECE3.gwt.rpc</source>
      <destination>system/modules/org.opencms.ade.sitemap/resources/sitemap/E0534362E18A03CCE215C398EAD0ECE3.gwt.rpc</destination>
      <type>plain</type>
      <uuidstructure>211eae7f-48a1-11e3-a3aa-a76ed3f93b20</uuidstructure>
      <uuidresource>211efba0-48a1-11e3-a3aa-a76ed3f93b20</uuidresource>
      <datelastmodified>Fri, 08 Nov 2013 18:11:03 GMT</datelastmodified>
      <userlastmodified>Admin</userlastmodified>
      <datecreated>Fri, 08 Nov 2013 18:11:03 GMT</datecreated>
      <usercreated>Admin</usercreated>
      <flags>0</flags>
      <properties/>
      <relations/>
      <accesscontrol/>
    </file>
    <file>
      <source>system/modules/org.opencms.ade.sitemap/resources/sitemap/7545CE321436F3EA9928049C06BD30F9.gwt.rpc</source>
      <destination>system/modules/org.opencms.ade.sitemap/resources/sitemap/7545CE321436F3EA9928049C06BD30F9.gwt.rpc</destination>
      <type>plain</type>
      <uuidstructure>212193b1-48a1-11e3-a3aa-a76ed3f93b20</uuidstructure>
      <uuidresource>2121e1d2-48a1-11e3-a3aa-a76ed3f93b20</uuidresource>
      <datelastmodified>Fri, 08 Nov 2013 18:11:03 GMT</datelastmodified>
      <userlastmodified>Admin</userlastmodified>
      <datecreated>Fri, 08 Nov 2013 18:11:03 GMT</datecreated>
      <usercreated>Admin</usercreated>
      <flags>0</flags>
      <properties/>
      <relations/>
      <accesscontrol/>
    </file>
    <file>
      <source>system/modules/org.opencms.ade.sitemap/resources/sitemap/sitemap.nocache.js</source>
      <destination>system/modules/org.opencms.ade.sitemap/resources/sitemap/sitemap.nocache.js</destination>
      <type>plain</type>
      <uuidstructure>212452d3-48a1-11e3-a3aa-a76ed3f93b20</uuidstructure>
      <uuidresource>212479e4-48a1-11e3-a3aa-a76ed3f93b20</uuidresource>
      <datelastmodified>Fri, 08 Nov 2013 18:11:03 GMT</datelastmodified>
      <userlastmodified>Admin</userlastmodified>
      <datecreated>Fri, 08 Nov 2013 18:11:03 GMT</datecreated>
      <usercreated>Admin</usercreated>
      <flags>0</flags>
      <properties/>
      <relations/>
      <accesscontrol/>
    </file>
    <file>
      <source>system/modules/org.opencms.ade.sitemap/resources/sitemap/E8063DEA6593D373B06CC380D1E44B26.gwt.rpc</source>
      <destination>system/modules/org.opencms.ade.sitemap/resources/sitemap/E8063DEA6593D373B06CC380D1E44B26.gwt.rpc</destination>
      <type>plain</type>
      <uuidstructure>21276015-48a1-11e3-a3aa-a76ed3f93b20</uuidstructure>
      <uuidresource>2127ae36-48a1-11e3-a3aa-a76ed3f93b20</uuidresource>
      <datelastmodified>Fri, 08 Nov 2013 18:11:03 GMT</datelastmodified>
      <userlastmodified>Admin</userlastmodified>
      <datecreated>Fri, 08 Nov 2013 18:11:03 GMT</datecreated>
      <usercreated>Admin</usercreated>
      <flags>0</flags>
      <properties/>
      <relations/>
      <accesscontrol/>
    </file>
    <file>
      <source>system/modules/org.opencms.ade.sitemap/resources/sitemap/F60DFA33274B22E5BC0CCCB86E9B2FD8.cache.html</source>
      <destination>system/modules/org.opencms.ade.sitemap/resources/sitemap/F60DFA33274B22E5BC0CCCB86E9B2FD8.cache.html</destination>
      <type>plain</type>
      <uuidstructure>212a6d57-48a1-11e3-a3aa-a76ed3f93b20</uuidstructure>
      <uuidresource>212a9468-48a1-11e3-a3aa-a76ed3f93b20</uuidresource>
      <datelastmodified>Fri, 08 Nov 2013 18:11:03 GMT</datelastmodified>
      <userlastmodified>Admin</userlastmodified>
      <datecreated>Fri, 08 Nov 2013 18:11:03 GMT</datecreated>
      <usercreated>Admin</usercreated>
      <flags>0</flags>
      <properties/>
      <relations/>
      <accesscontrol/>
    </file>
    <file>
      <source>system/modules/org.opencms.ade.sitemap/resources/sitemap/hosted.html</source>
      <destination>system/modules/org.opencms.ade.sitemap/resources/sitemap/hosted.html</destination>
      <type>plain</type>
      <uuidstructure>212cde59-48a1-11e3-a3aa-a76ed3f93b20</uuidstructure>
      <uuidresource>212d2c7a-48a1-11e3-a3aa-a76ed3f93b20</uuidresource>
      <datelastmodified>Fri, 08 Nov 2013 18:11:03 GMT</datelastmodified>
      <userlastmodified>Admin</userlastmodified>
      <datecreated>Fri, 08 Nov 2013 18:11:03 GMT</datecreated>
      <usercreated>Admin</usercreated>
      <flags>0</flags>
      <properties/>
      <relations/>
      <accesscontrol/>
    </file>
    <file>
      <source>system/modules/org.opencms.ade.sitemap/resources/sitemap/3F1CCB33CEB3546F84876BEC5E71A963.cache.html</source>
      <destination>system/modules/org.opencms.ade.sitemap/resources/sitemap/3F1CCB33CEB3546F84876BEC5E71A963.cache.html</destination>
      <type>plain</type>
      <uuidstructure>212f284b-48a1-11e3-a3aa-a76ed3f93b20</uuidstructure>
      <uuidresource>212f4f5c-48a1-11e3-a3aa-a76ed3f93b20</uuidresource>
      <datelastmodified>Fri, 08 Nov 2013 18:11:03 GMT</datelastmodified>
      <userlastmodified>Admin</userlastmodified>
      <datecreated>Fri, 08 Nov 2013 18:11:03 GMT</datecreated>
      <usercreated>Admin</usercreated>
      <flags>0</flags>
      <properties/>
      <relations/>
      <accesscontrol/>
    </file>
    <file>
      <source>system/modules/org.opencms.ade.sitemap/resources/sitemap/86AABF6D77F4DEAA3E506BDA1ADA132A.cache.html</source>
      <destination>system/modules/org.opencms.ade.sitemap/resources/sitemap/86AABF6D77F4DEAA3E506BDA1ADA132A.cache.html</destination>
      <type>plain</type>
      <uuidstructure>2130fd0d-48a1-11e3-a3aa-a76ed3f93b20</uuidstructure>
      <uuidresource>2131241e-48a1-11e3-a3aa-a76ed3f93b20</uuidresource>
      <datelastmodified>Fri, 08 Nov 2013 18:11:03 GMT</datelastmodified>
      <userlastmodified>Admin</userlastmodified>
      <datecreated>Fri, 08 Nov 2013 18:11:03 GMT</datecreated>
      <usercreated>Admin</usercreated>
      <flags>0</flags>
      <properties/>
      <relations/>
      <accesscontrol/>
    </file>
    <file>
      <source>system/modules/org.opencms.ade.sitemap/resources/sitemap/1D80D522EE8BB5DC670B4D53B21B6A50.gwt.rpc</source>
      <destination>system/modules/org.opencms.ade.sitemap/resources/sitemap/1D80D522EE8BB5DC670B4D53B21B6A50.gwt.rpc</destination>
      <type>plain</type>
      <uuidstructure>2132f8df-48a1-11e3-a3aa-a76ed3f93b20</uuidstructure>
      <uuidresource>21331ff0-48a1-11e3-a3aa-a76ed3f93b20</uuidresource>
      <datelastmodified>Fri, 08 Nov 2013 18:11:03 GMT</datelastmodified>
      <userlastmodified>Admin</userlastmodified>
      <datecreated>Fri, 08 Nov 2013 18:11:03 GMT</datecreated>
      <usercreated>Admin</usercreated>
      <flags>0</flags>
      <properties/>
      <relations/>
      <accesscontrol/>
    </file>
    <file>
      <source>system/modules/org.opencms.ade.sitemap/resources/sitemap/clear.cache.gif</source>
      <destination>system/modules/org.opencms.ade.sitemap/resources/sitemap/clear.cache.gif</destination>
      <type>image</type>
      <uuidstructure>2134f4b1-48a1-11e3-a3aa-a76ed3f93b20</uuidstructure>
      <uuidresource>2134f4b2-48a1-11e3-a3aa-a76ed3f93b20</uuidresource>
      <datelastmodified>Fri, 08 Nov 2013 18:11:03 GMT</datelastmodified>
      <userlastmodified>Admin</userlastmodified>
      <datecreated>Fri, 08 Nov 2013 18:11:03 GMT</datecreated>
      <usercreated>Admin</usercreated>
      <flags>0</flags>
      <properties/>
      <relations/>
      <accesscontrol/>
    </file>
    <file>
      <source>system/modules/org.opencms.ade.sitemap/resources/sitemap/614A8351A28C0A4378525F849533D3FF.gwt.rpc</source>
      <destination>system/modules/org.opencms.ade.sitemap/resources/sitemap/614A8351A28C0A4378525F849533D3FF.gwt.rpc</destination>
      <type>plain</type>
      <uuidstructure>21365443-48a1-11e3-a3aa-a76ed3f93b20</uuidstructure>
      <uuidresource>21367b54-48a1-11e3-a3aa-a76ed3f93b20</uuidresource>
      <datelastmodified>Fri, 08 Nov 2013 18:11:03 GMT</datelastmodified>
      <userlastmodified>Admin</userlastmodified>
      <datecreated>Fri, 08 Nov 2013 18:11:03 GMT</datecreated>
      <usercreated>Admin</usercreated>
      <flags>0</flags>
      <properties/>
      <relations/>
      <accesscontrol/>
    </file>
    <file>
      <source>system/modules/org.opencms.ade.sitemap/resources/sitemap/304089F9B718E52EA46FCE3AA7A43056.gwt.rpc</source>
      <destination>system/modules/org.opencms.ade.sitemap/resources/sitemap/304089F9B718E52EA46FCE3AA7A43056.gwt.rpc</destination>
      <type>plain</type>
      <uuidstructure>2137b3d5-48a1-11e3-a3aa-a76ed3f93b20</uuidstructure>
      <uuidresource>2137b3d6-48a1-11e3-a3aa-a76ed3f93b20</uuidresource>
      <datelastmodified>Fri, 08 Nov 2013 18:11:03 GMT</datelastmodified>
      <userlastmodified>Admin</userlastmodified>
      <datecreated>Fri, 08 Nov 2013 18:11:03 GMT</datecreated>
      <usercreated>Admin</usercreated>
      <flags>0</flags>
      <properties/>
      <relations/>
      <accesscontrol/>
    </file>
  </files>
</export>
