<?xml version="1.0" encoding="UTF-8"?>

<export>
  <info>
    <creator>Admin</creator>
    <opencms_version>9.0.0</opencms_version>
    <createdate>Thu, 11 Mar 2010 08:48:38 GMT</createdate>
    <infoproject>Offline</infoproject>
    <export_version>7</export_version>
  </info>
  <module>
    <name>org.opencms.ade.containerpage</name>
    <nicename><![CDATA[OpenCms 9 ADE Containerpade Editor]]></nicename>
    <group>OpenCms ADE</group>
    <class/>
    <description><![CDATA[The containerpage editor.<br>
<i>(c) 2013 by Alkacon Software GmbH (http://www.alkacon.com).</i>]]></description>
    <version>9.0.0</version>
    <authorname><![CDATA[Alkacon Software GmbH]]></authorname>
    <authoremail><![CDATA[info@alkacon.com]]></authoremail>
    <datecreated/>
    <userinstalled/>
    <dateinstalled/>
    <dependencies>
      <dependency name="org.opencms.ade.config" version="9.0.0"/>
    </dependencies>
    <exportpoints>
      <exportpoint uri="/system/modules/org.opencms.ade.containerpage/resources/" destination="resources/ade/"/>
    </exportpoints>
    <resources>
      <resource uri="/system/modules/org.opencms.ade.containerpage/"/>
    </resources>
    <resourcetypes/>
    <explorertypes/>
  </module>
  <files>
    <file>
      <destination>system</destination>
      <type>folder</type>
      <uuidstructure>a815f67e-2b6f-11df-b6ae-2393f34d19cc</uuidstructure>
      <datelastmodified>Tue, 09 Mar 2010 11:34:00 GMT</datelastmodified>
      <userlastmodified>Admin</userlastmodified>
      <datecreated>Tue, 09 Mar 2010 11:34:00 GMT</datecreated>
      <usercreated>Admin</usercreated>
      <flags>0</flags>
      <properties/>
      <relations/>
      <accesscontrol>
        <accessentry>
          <uuidprincipal>ROLE.WORKPLACE_USER</uuidprincipal>
          <flags>514</flags>
          <permissionset>
            <allowed>1</allowed>
            <denied>0</denied>
          </permissionset>
        </accessentry>
      </accesscontrol>
    </file>
    <file>
      <destination>system/modules</destination>
      <type>folder</type>
      <uuidstructure>a8ae8d37-2b6f-11df-b6ae-2393f34d19cc</uuidstructure>
      <datelastmodified>Tue, 09 Mar 2010 11:34:01 GMT</datelastmodified>
      <userlastmodified>Admin</userlastmodified>
      <datecreated>Tue, 09 Mar 2010 11:34:01 GMT</datecreated>
      <usercreated>Admin</usercreated>
      <flags>0</flags>
      <properties/>
      <relations/>
      <accesscontrol>
        <accessentry>
          <uuidprincipal>ROLE.WORKPLACE_USER</uuidprincipal>
          <flags>514</flags>
          <permissionset>
            <allowed>5</allowed>
            <denied>0</denied>
          </permissionset>
        </accessentry>
      </accesscontrol>
    </file>
    <file>
      <destination>system/modules/org.opencms.ade.containerpage</destination>
      <type>folder</type>
      <uuidstructure>acc4446c-2ce9-11df-a5f1-2393f34d19cc</uuidstructure>
      <datelastmodified>Thu, 11 Mar 2010 08:39:58 GMT</datelastmodified>
      <userlastmodified>Admin</userlastmodified>
      <datecreated>Thu, 11 Mar 2010 08:39:58 GMT</datecreated>
      <usercreated>Admin</usercreated>
      <flags>0</flags>
      <properties/>
      <relations/>
      <accesscontrol/>
    </file>
    <file>
      <destination>system/modules/org.opencms.ade.containerpage/formatters</destination>
      <type>folder</type>
      <uuidstructure>d2ebf430-761e-11e0-bd7f-9ffeadaf4d46</uuidstructure>
      <datelastmodified>Wed, 04 May 2011 07:19:18 GMT</datelastmodified>
      <userlastmodified>Admin</userlastmodified>
      <datecreated>Wed, 04 May 2011 07:19:18 GMT</datecreated>
      <usercreated>Admin</usercreated>
      <flags>0</flags>
      <properties/>
      <relations/>
      <accesscontrol/>
    </file>
    <file>
      <source>system/modules/org.opencms.ade.containerpage/formatters/group-container.jsp</source>
      <destination>system/modules/org.opencms.ade.containerpage/formatters/group-container.jsp</destination>
      <type>jsp</type>
      <uuidstructure>e7029fa2-761e-11e0-bd7f-9ffeadaf4d46</uuidstructure>
      <uuidresource>e7029fa3-761e-11e0-bd7f-9ffeadaf4d46</uuidresource>
      <datelastmodified>Wed, 04 May 2011 07:20:45 GMT</datelastmodified>
      <userlastmodified>Admin</userlastmodified>
      <datecreated>Wed, 04 May 2011 07:19:51 GMT</datecreated>
      <usercreated>Admin</usercreated>
      <flags>0</flags>
      <properties>
        <property>
          <name>Title</name>
          <value><![CDATA[Formatter for group-containers]]></value>
        </property>
        <property type="shared">
          <name>export</name>
          <value><![CDATA[false]]></value>
        </property>
      </properties>
      <relations/>
      <accesscontrol/>
    </file>
    <file>
      <source>system/modules/org.opencms.ade.containerpage/formatters/function.jsp</source>
      <destination>system/modules/org.opencms.ade.containerpage/formatters/function.jsp</destination>
      <type>jsp</type>
      <uuidstructure>087ba7c9-e7fc-4336-acb8-d3416a4eb1fd</uuidstructure>
      <uuidresource>087ba7c9-e7fc-4336-acb8-d3416a4eb1fe</uuidresource>
      <datelastmodified>Wed, 04 May 2011 07:20:45 GMT</datelastmodified>
      <userlastmodified>Admin</userlastmodified>
      <datecreated>Wed, 04 May 2011 07:19:51 GMT</datecreated>
      <usercreated>Admin</usercreated>
      <flags>0</flags>
      <properties>
        <property>
          <name>cache</name>
          <value><![CDATA[container-element;locale]]></value>
        </property>
      </properties>
      <relations/>
      <accesscontrol/>
    </file>
    <file>
      <source>system/modules/org.opencms.ade.containerpage/.config</source>
      <destination>system/modules/org.opencms.ade.containerpage/.config</destination>
      <type>module_config</type>
      <uuidstructure>c70eacc4-a19d-11e0-bf43-03f9b7261207</uuidstructure>
      <uuidresource>c70eacc5-a19d-11e0-bf43-03f9b7261207</uuidresource>
      <datelastmodified>Tue, 28 Jun 2011 15:48:01 GMT</datelastmodified>
      <userlastmodified>Admin</userlastmodified>
      <datecreated>Tue, 28 Jun 2011 15:46:24 GMT</datecreated>
      <usercreated>Admin</usercreated>
      <flags>0</flags>
      <properties>
        <property>
          <name>locale</name>
          <value><![CDATA[en]]></value>
        </property>
        <property>
          <name>locale-available</name>
          <value><![CDATA[en]]></value>
        </property>
      </properties>
      <relations/>
      <accesscontrol/>
    </file>
    <file>
      <source>system/modules/org.opencms.ade.containerpage/containerpage_include.jsp</source>
      <destination>system/modules/org.opencms.ade.containerpage/containerpage_include.jsp</destination>
      <type>jsp</type>
      <uuidstructure>d3aa3d37-4245-11df-94f0-2393f34d19cc</uuidstructure>
      <uuidresource>d3aa3d38-4245-11df-94f0-2393f34d19cc</uuidresource>
      <datelastmodified>Wed, 07 Apr 2010 13:13:17 GMT</datelastmodified>
      <userlastmodified>Admin</userlastmodified>
      <datecreated>Wed, 07 Apr 2010 13:02:31 GMT</datecreated>
      <usercreated>Admin</usercreated>
      <flags>0</flags>
      <properties>
        <property type="shared">
          <name>export</name>
          <value><![CDATA[false]]></value>
        </property>
      </properties>
      <relations/>
      <accesscontrol/>
    </file>
    <file>
      <destination>system/modules/org.opencms.ade.containerpage/resources</destination>
      <type>folder</type>
      <uuidstructure>15f8a302-2cf5-11df-a5f1-2393f34d19cc</uuidstructure>
      <datelastmodified>Thu, 11 Mar 2010 10:01:39 GMT</datelastmodified>
      <userlastmodified>Admin</userlastmodified>
      <datecreated>Thu, 11 Mar 2010 10:01:39 GMT</datecreated>
      <usercreated>Admin</usercreated>
      <flags>0</flags>
      <properties/>
      <relations/>
      <accesscontrol/>
    </file>
    <file>
      <destination>system/modules/org.opencms.ade.containerpage/resources/containerpage</destination>
      <type>folder</type>
      <uuidstructure>f0cad3da-71ad-11e0-883b-cd21a79dc8d2</uuidstructure>
      <datelastmodified>Thu, 28 Apr 2011 15:41:10 GMT</datelastmodified>
      <userlastmodified>Admin</userlastmodified>
      <datecreated>Thu, 28 Apr 2011 15:41:10 GMT</datecreated>
      <usercreated>Admin</usercreated>
      <flags>0</flags>
      <properties/>
      <relations/>
      <accesscontrol/>
    </file>
    <file>
      <source>system/modules/org.opencms.ade.containerpage/resources/containerpage/D41949DD24C87D62357C77C29985C0CE.gwt.rpc</source>
      <destination>system/modules/org.opencms.ade.containerpage/resources/containerpage/D41949DD24C87D62357C77C29985C0CE.gwt.rpc</destination>
      <type>plain</type>
      <uuidstructure>1b8f0958-48a1-11e3-ba03-4ff71e065d8f</uuidstructure>
      <uuidresource>1b8f3069-48a1-11e3-ba03-4ff71e065d8f</uuidresource>
      <datelastmodified>Fri, 08 Nov 2013 18:10:54 GMT</datelastmodified>
      <userlastmodified>Admin</userlastmodified>
      <datecreated>Fri, 08 Nov 2013 18:10:54 GMT</datecreated>
      <usercreated>Admin</usercreated>
      <flags>0</flags>
      <properties/>
      <relations/>
      <accesscontrol/>
    </file>
    <file>
      <source>system/modules/org.opencms.ade.containerpage/resources/containerpage/0B1F8B4F9F54D62F5446254696CCC22D.gwt.rpc</source>
      <destination>system/modules/org.opencms.ade.containerpage/resources/containerpage/0B1F8B4F9F54D62F5446254696CCC22D.gwt.rpc</destination>
      <type>plain</type>
      <uuidstructure>1b91534a-48a1-11e3-ba03-4ff71e065d8f</uuidstructure>
      <uuidresource>1b917a5b-48a1-11e3-ba03-4ff71e065d8f</uuidresource>
      <datelastmodified>Fri, 08 Nov 2013 18:10:54 GMT</datelastmodified>
      <userlastmodified>Admin</userlastmodified>
      <datecreated>Fri, 08 Nov 2013 18:10:54 GMT</datecreated>
      <usercreated>Admin</usercreated>
      <flags>0</flags>
      <properties/>
      <relations/>
      <accesscontrol/>
    </file>
    <file>
      <source>system/modules/org.opencms.ade.containerpage/resources/containerpage/BA396E8211D15B960126016142B4CAD2.cache.html</source>
      <destination>system/modules/org.opencms.ade.containerpage/resources/containerpage/BA396E8211D15B960126016142B4CAD2.cache.html</destination>
      <type>plain</type>
      <uuidstructure>1b939d3c-48a1-11e3-ba03-4ff71e065d8f</uuidstructure>
      <uuidresource>1b93c44d-48a1-11e3-ba03-4ff71e065d8f</uuidresource>
      <datelastmodified>Fri, 08 Nov 2013 18:10:54 GMT</datelastmodified>
      <userlastmodified>Admin</userlastmodified>
      <datecreated>Fri, 08 Nov 2013 18:10:54 GMT</datecreated>
      <usercreated>Admin</usercreated>
      <flags>0</flags>
      <properties/>
      <relations/>
      <accesscontrol/>
    </file>
    <file>
      <source>system/modules/org.opencms.ade.containerpage/resources/containerpage/E0534362E18A03CCE215C398EAD0ECE3.gwt.rpc</source>
      <destination>system/modules/org.opencms.ade.containerpage/resources/containerpage/E0534362E18A03CCE215C398EAD0ECE3.gwt.rpc</destination>
      <type>plain</type>
      <uuidstructure>1b95e72e-48a1-11e3-ba03-4ff71e065d8f</uuidstructure>
      <uuidresource>1b960e3f-48a1-11e3-ba03-4ff71e065d8f</uuidresource>
      <datelastmodified>Fri, 08 Nov 2013 18:10:54 GMT</datelastmodified>
      <userlastmodified>Admin</userlastmodified>
      <datecreated>Fri, 08 Nov 2013 18:10:54 GMT</datecreated>
      <usercreated>Admin</usercreated>
      <flags>0</flags>
      <properties/>
      <relations/>
      <accesscontrol/>
    </file>
    <file>
      <source>system/modules/org.opencms.ade.containerpage/resources/containerpage/807B49485DB91DC86579F0904E17CB6E.cache.html</source>
      <destination>system/modules/org.opencms.ade.containerpage/resources/containerpage/807B49485DB91DC86579F0904E17CB6E.cache.html</destination>
      <type>plain</type>
      <uuidstructure>1b97e200-48a1-11e3-ba03-4ff71e065d8f</uuidstructure>
      <uuidresource>1b980911-48a1-11e3-ba03-4ff71e065d8f</uuidresource>
      <datelastmodified>Fri, 08 Nov 2013 18:10:54 GMT</datelastmodified>
      <userlastmodified>Admin</userlastmodified>
      <datecreated>Fri, 08 Nov 2013 18:10:54 GMT</datecreated>
      <usercreated>Admin</usercreated>
      <flags>0</flags>
      <properties/>
      <relations/>
      <accesscontrol/>
    </file>
    <file>
      <source>system/modules/org.opencms.ade.containerpage/resources/containerpage/420E1BE8D8A7E24E05DF40F1F8A5EBCD.gwt.rpc</source>
      <destination>system/modules/org.opencms.ade.containerpage/resources/containerpage/420E1BE8D8A7E24E05DF40F1F8A5EBCD.gwt.rpc</destination>
      <type>plain</type>
      <uuidstructure>1b99ddd2-48a1-11e3-ba03-4ff71e065d8f</uuidstructure>
      <uuidresource>1b9a04e3-48a1-11e3-ba03-4ff71e065d8f</uuidresource>
      <datelastmodified>Fri, 08 Nov 2013 18:10:54 GMT</datelastmodified>
      <userlastmodified>Admin</userlastmodified>
      <datecreated>Fri, 08 Nov 2013 18:10:54 GMT</datecreated>
      <usercreated>Admin</usercreated>
      <flags>0</flags>
      <properties/>
      <relations/>
      <accesscontrol/>
    </file>
    <file>
      <source>system/modules/org.opencms.ade.containerpage/resources/containerpage/144D8312A0C82053CB10960F4A165924.gwt.rpc</source>
      <destination>system/modules/org.opencms.ade.containerpage/resources/containerpage/144D8312A0C82053CB10960F4A165924.gwt.rpc</destination>
      <type>plain</type>
      <uuidstructure>1b9bd9a4-48a1-11e3-ba03-4ff71e065d8f</uuidstructure>
      <uuidresource>1b9c00b5-48a1-11e3-ba03-4ff71e065d8f</uuidresource>
      <datelastmodified>Fri, 08 Nov 2013 18:10:54 GMT</datelastmodified>
      <userlastmodified>Admin</userlastmodified>
      <datecreated>Fri, 08 Nov 2013 18:10:54 GMT</datecreated>
      <usercreated>Admin</usercreated>
      <flags>0</flags>
      <properties/>
      <relations/>
      <accesscontrol/>
    </file>
    <file>
      <source>system/modules/org.opencms.ade.containerpage/resources/containerpage/containerpage.nocache.js</source>
      <destination>system/modules/org.opencms.ade.containerpage/resources/containerpage/containerpage.nocache.js</destination>
      <type>plain</type>
      <uuidstructure>1b9dfc86-48a1-11e3-ba03-4ff71e065d8f</uuidstructure>
      <uuidresource>1b9e2397-48a1-11e3-ba03-4ff71e065d8f</uuidresource>
      <datelastmodified>Fri, 08 Nov 2013 18:10:54 GMT</datelastmodified>
      <userlastmodified>Admin</userlastmodified>
      <datecreated>Fri, 08 Nov 2013 18:10:54 GMT</datecreated>
      <usercreated>Admin</usercreated>
      <flags>0</flags>
      <properties/>
      <relations/>
      <accesscontrol/>
    </file>
    <file>
      <source>system/modules/org.opencms.ade.containerpage/resources/containerpage/79DE1597E30D36DA840AA75AA8FC3DA6.gwt.rpc</source>
      <destination>system/modules/org.opencms.ade.containerpage/resources/containerpage/79DE1597E30D36DA840AA75AA8FC3DA6.gwt.rpc</destination>
      <type>plain</type>
      <uuidstructure>1ba09498-48a1-11e3-ba03-4ff71e065d8f</uuidstructure>
      <uuidresource>1ba0bba9-48a1-11e3-ba03-4ff71e065d8f</uuidresource>
      <datelastmodified>Fri, 08 Nov 2013 18:10:54 GMT</datelastmodified>
      <userlastmodified>Admin</userlastmodified>
      <datecreated>Fri, 08 Nov 2013 18:10:54 GMT</datecreated>
      <usercreated>Admin</usercreated>
      <flags>0</flags>
      <properties/>
      <relations/>
      <accesscontrol/>
    </file>
    <file>
      <source>system/modules/org.opencms.ade.containerpage/resources/containerpage/D3490A49EBBB1D5832E62C664E48BCD5.cache.html</source>
      <destination>system/modules/org.opencms.ade.containerpage/resources/containerpage/D3490A49EBBB1D5832E62C664E48BCD5.cache.html</destination>
      <type>plain</type>
      <uuidstructure>1ba32caa-48a1-11e3-ba03-4ff71e065d8f</uuidstructure>
      <uuidresource>1ba353bb-48a1-11e3-ba03-4ff71e065d8f</uuidresource>
      <datelastmodified>Fri, 08 Nov 2013 18:10:54 GMT</datelastmodified>
      <userlastmodified>Admin</userlastmodified>
      <datecreated>Fri, 08 Nov 2013 18:10:54 GMT</datecreated>
      <usercreated>Admin</usercreated>
      <flags>0</flags>
      <properties/>
      <relations/>
      <accesscontrol/>
    </file>
    <file>
      <source>system/modules/org.opencms.ade.containerpage/resources/containerpage/hosted.html</source>
      <destination>system/modules/org.opencms.ade.containerpage/resources/containerpage/hosted.html</destination>
      <type>plain</type>
      <uuidstructure>1ba54f8c-48a1-11e3-ba03-4ff71e065d8f</uuidstructure>
      <uuidresource>1ba5769d-48a1-11e3-ba03-4ff71e065d8f</uuidresource>
      <datelastmodified>Fri, 08 Nov 2013 18:10:54 GMT</datelastmodified>
      <userlastmodified>Admin</userlastmodified>
      <datecreated>Fri, 08 Nov 2013 18:10:54 GMT</datecreated>
      <usercreated>Admin</usercreated>
      <flags>0</flags>
      <properties/>
      <relations/>
      <accesscontrol/>
    </file>
    <file>
      <source>system/modules/org.opencms.ade.containerpage/resources/containerpage/CFD31A6A802B9B51E3569B3DE0A3DACC.cache.html</source>
      <destination>system/modules/org.opencms.ade.containerpage/resources/containerpage/CFD31A6A802B9B51E3569B3DE0A3DACC.cache.html</destination>
      <type>plain</type>
      <uuidstructure>1ba7726e-48a1-11e3-ba03-4ff71e065d8f</uuidstructure>
      <uuidresource>1ba7997f-48a1-11e3-ba03-4ff71e065d8f</uuidresource>
      <datelastmodified>Fri, 08 Nov 2013 18:10:54 GMT</datelastmodified>
      <userlastmodified>Admin</userlastmodified>
      <datecreated>Fri, 08 Nov 2013 18:10:54 GMT</datecreated>
      <usercreated>Admin</usercreated>
      <flags>0</flags>
      <properties/>
      <relations/>
      <accesscontrol/>
    </file>
    <file>
      <source>system/modules/org.opencms.ade.containerpage/resources/containerpage/F4086126C9A89C4F2D9BD5210E32D30E.gwt.rpc</source>
      <destination>system/modules/org.opencms.ade.containerpage/resources/containerpage/F4086126C9A89C4F2D9BD5210E32D30E.gwt.rpc</destination>
      <type>plain</type>
      <uuidstructure>1ba96e40-48a1-11e3-ba03-4ff71e065d8f</uuidstructure>
      <uuidresource>1ba99551-48a1-11e3-ba03-4ff71e065d8f</uuidresource>
      <datelastmodified>Fri, 08 Nov 2013 18:10:54 GMT</datelastmodified>
      <userlastmodified>Admin</userlastmodified>
      <datecreated>Fri, 08 Nov 2013 18:10:54 GMT</datecreated>
      <usercreated>Admin</usercreated>
      <flags>0</flags>
      <properties/>
      <relations/>
      <accesscontrol/>
    </file>
    <file>
      <source>system/modules/org.opencms.ade.containerpage/resources/containerpage/27702585E39B1192849EA1ECE64C66D1.cache.html</source>
      <destination>system/modules/org.opencms.ade.containerpage/resources/containerpage/27702585E39B1192849EA1ECE64C66D1.cache.html</destination>
      <type>plain</type>
      <uuidstructure>1bab1bf2-48a1-11e3-ba03-4ff71e065d8f</uuidstructure>
      <uuidresource>1bab1bf3-48a1-11e3-ba03-4ff71e065d8f</uuidresource>
      <datelastmodified>Fri, 08 Nov 2013 18:10:54 GMT</datelastmodified>
      <userlastmodified>Admin</userlastmodified>
      <datecreated>Fri, 08 Nov 2013 18:10:54 GMT</datecreated>
      <usercreated>Admin</usercreated>
      <flags>0</flags>
      <properties/>
      <relations/>
      <accesscontrol/>
    </file>
    <file>
      <source>system/modules/org.opencms.ade.containerpage/resources/containerpage/clear.cache.gif</source>
      <destination>system/modules/org.opencms.ade.containerpage/resources/containerpage/clear.cache.gif</destination>
      <type>image</type>
      <uuidstructure>1baca294-48a1-11e3-ba03-4ff71e065d8f</uuidstructure>
      <uuidresource>1bacc9a5-48a1-11e3-ba03-4ff71e065d8f</uuidresource>
      <datelastmodified>Fri, 08 Nov 2013 18:10:54 GMT</datelastmodified>
      <userlastmodified>Admin</userlastmodified>
      <datecreated>Fri, 08 Nov 2013 18:10:54 GMT</datecreated>
      <usercreated>Admin</usercreated>
      <flags>0</flags>
      <properties/>
      <relations/>
      <accesscontrol/>
    </file>
    <file>
      <source>system/modules/org.opencms.ade.containerpage/resources/containerpage/614A8351A28C0A4378525F849533D3FF.gwt.rpc</source>
      <destination>system/modules/org.opencms.ade.containerpage/resources/containerpage/614A8351A28C0A4378525F849533D3FF.gwt.rpc</destination>
      <type>plain</type>
      <uuidstructure>1bae0226-48a1-11e3-ba03-4ff71e065d8f</uuidstructure>
      <uuidresource>1bae2937-48a1-11e3-ba03-4ff71e065d8f</uuidresource>
      <datelastmodified>Fri, 08 Nov 2013 18:10:54 GMT</datelastmodified>
      <userlastmodified>Admin</userlastmodified>
      <datecreated>Fri, 08 Nov 2013 18:10:54 GMT</datecreated>
      <usercreated>Admin</usercreated>
      <flags>0</flags>
      <properties/>
      <relations/>
      <accesscontrol/>
    </file>
    <file>
      <source>system/modules/org.opencms.ade.containerpage/resources/containerpage/304089F9B718E52EA46FCE3AA7A43056.gwt.rpc</source>
      <destination>system/modules/org.opencms.ade.containerpage/resources/containerpage/304089F9B718E52EA46FCE3AA7A43056.gwt.rpc</destination>
      <type>plain</type>
      <uuidstructure>1baf61b8-48a1-11e3-ba03-4ff71e065d8f</uuidstructure>
      <uuidresource>1baf61b9-48a1-11e3-ba03-4ff71e065d8f</uuidresource>
      <datelastmodified>Fri, 08 Nov 2013 18:10:54 GMT</datelastmodified>
      <userlastmodified>Admin</userlastmodified>
      <datecreated>Fri, 08 Nov 2013 18:10:54 GMT</datecreated>
      <usercreated>Admin</usercreated>
      <flags>0</flags>
      <properties/>
      <relations/>
      <accesscontrol/>
    </file>
  </files>
</export>
