<?xml version="1.0" encoding="UTF-8"?>

<export>
	<info>
		<creator>Admin</creator>
		<opencms_version>9.0.0</opencms_version>
		<createdate>Mon, 25 Jun 2007 14:16:18 GMT</createdate>
		<infoproject>Offline</infoproject>
		<export_version>7</export_version>
	</info>
	<module>
		<name>org.opencms.workplace.categories</name>
		<nicename><![CDATA[OpenCms 9 Workplace categories]]></nicename>
		<group>OpenCms Workplace</group>
		<class/>
		<description><![CDATA[<p>This module contains the OpenCms Workplace category folders.</p>
<p>It includes the system wide category folders.</p>
<p><i>&copy; 2013 by Alkacon Software GmbH (http://www.alkacon.com).</i></p>]]></description>
		<version>9.0.0</version>
		<authorname><![CDATA[Alkacon Software GmbH]]></authorname>
		<authoremail><![CDATA[info@alkacon.com]]></authoremail>
		<datecreated/>
		<userinstalled/>
		<dateinstalled/>
		<dependencies/>
		<exportpoints/>
		<resources/>
		<parameters/>
	</module>
	<files>
		<file>
			<destination>system</destination>
			<type>folder</type>
			<uuidstructure>0a0c1bea-2325-11dc-8245-53aeb3024788</uuidstructure>
			<datelastmodified>Mon, 27 Mar 2006 12:00:00 GMT</datelastmodified>
			<userlastmodified>Admin</userlastmodified>
			<datecreated>Mon, 25 Jun 2007 14:04:50 GMT</datecreated>
			<usercreated>Admin</usercreated>
			<flags>0</flags>
			<properties/>
			<relations/>
			<accesscontrol/>
		</file>
		<file>
			<destination>system/categories</destination>
			<type>folder</type>
			<uuidstructure>41563817-12a7-11dc-a287-2b20cd96941e</uuidstructure>
			<datelastmodified>Mon, 04 Jun 2007 14:24:07 GMT</datelastmodified>
			<userlastmodified>Admin</userlastmodified>
			<datecreated>Mon, 04 Jun 2007 14:24:07 GMT</datecreated>
			<usercreated>Admin</usercreated>
			<flags>0</flags>
			<properties/>
			<relations/>
			<accesscontrol/>
		</file>
	</files>
</export>
