<?xml version="1.0" encoding="UTF-8"?>

<BootstrapTextblocks xmlns:xsi="http://www.w3.org/2001/XMLSchema-instance" xsi:noNamespaceSchemaLocation="opencms://system/modules/com.alkacon.bootstrap.schemas/schemas/textblock.xsd">
  <BootstrapTextblock language="en">
    <Title><![CDATA[You need to log in first]]></Title>
    <Paragraph>
      <Headline><![CDATA[First you need to log in]]></Headline>
      <Text name="Text0">
        <links>
          <link name="link0" internal="true" type="A">
            <target><![CDATA[/sites/default/demo/login/]]></target>
            <uuid>e6b2fe3a-274a-11e3-a044-000c29d28104</uuid>
          </link>
          <link name="link1" internal="true" type="A">
            <target><![CDATA[/system/login/]]></target>
            <uuid>8247eafb-11b7-11db-91cd-fdbae480bac9</uuid>
          </link>
        </links>
        <content><![CDATA[<p>Before you can edit content with OpenCms, you need to log in. The default login information is displayed in the blue box on the left.</p>
<p>There are 2 options: </p>
<p style="padding-left: 30px;"><a href="%(link0)">Log in through this demo website</a>.<br />This is a simple custom login dialog that is part of the demo.</p>
<p style="padding-left: 30px;"><a href="%(link1)">Log in with the default OpenCms login dialog</a>. <br />This the native log in dialog with more options. </p>
<p>After you have logged in, come back to this page to continue the tutorial.</p>]]></content>
      </Text>
      <Link>
        <Text><![CDATA[Continue with Step 1: Modify a page]]></Text>
        <URI>
          <link internal="true" type="WEAK">
            <target><![CDATA[/sites/default/tutorial/step-1-modify-a-page/]]></target>
            <uuid>d15591f0-460a-11e3-b822-000c29d28104</uuid>
          </link>
        </URI>
      </Link>
    </Paragraph>
  </BootstrapTextblock>
</BootstrapTextblocks>
