<?xml version="1.0" encoding="UTF-8"?>

<BootstrapTextblocks xmlns:xsi="http://www.w3.org/2001/XMLSchema-instance" xsi:noNamespaceSchemaLocation="opencms://system/modules/com.alkacon.bootstrap.schemas/schemas/textblock.xsd">
  <BootstrapTextblock language="en">
    <Title><![CDATA[OpenCms Introduction: Step 4 - Preview in a device]]></Title>
    <Paragraph>
      <Headline><![CDATA[Preview a page in different devices]]></Headline>
      <Text name="Text0">
        <links/>
        <content><![CDATA[<p>Our demo template (the one used for this introduction) is based on the popular Bootstrap HTML framework. As a result, it is also a responsive template that adujsts to the size of the device.</p>]]></content>
      </Text>
    </Paragraph>
  </BootstrapTextblock>
</BootstrapTextblocks>
