<?xml version="1.0" encoding="UTF-8"?>

<BootstrapTextblocks xmlns:xsi="http://www.w3.org/2001/XMLSchema-instance" xsi:noNamespaceSchemaLocation="opencms://system/modules/com.alkacon.bootstrap.schemas/schemas/textblock.xsd">
  <BootstrapTextblock language="en">
    <Title><![CDATA[OpenCms Introduction: Step 2 - Edit content]]></Title>
    <Paragraph>
      <Headline><![CDATA[Edit content inline - directly on the page]]></Headline>
      <Text name="Text0">
        <links/>
        <content><![CDATA[<p>Move your mouse over a text element on the page, for example over <strong>this text here. </strong>You will notice the mouse cursor becomes a "pen" icon. Now click on the text. Text edit controls are shown and you can start changing the content. When you are done, just click outside the highlighted area to save your changes.</p>]]></content>
      </Text>
    </Paragraph>
  </BootstrapTextblock>
</BootstrapTextblocks>
