<?xml version="1.0" encoding="UTF-8"?>

<BootstrapTextblocks xmlns:xsi="http://www.w3.org/2001/XMLSchema-instance" xsi:noNamespaceSchemaLocation="opencms://system/modules/com.alkacon.bootstrap.schemas/schemas/textblock.xsd">
  <BootstrapTextblock language="en">
    <Title><![CDATA[OpenCms Introduction: Step 2 - Link to Step 3]]></Title>
    <Paragraph>
      <Headline><![CDATA[Changing an image or a link inline]]></Headline>
      <Text name="Text0">
        <links/>
        <content><![CDATA[<p>If you edit text inline, you will notice a row of symbols that is shown to the right hand side of the element being edited. These controls allow you to add optional fields that are not yet enabled, as well as modify content that are not well suited for direct inline editing such as images. You will get a small form displayed where you can enter or modify the content.</p>
<p>To try, click <strong>here</strong> and then move your mouse over the plus symbol on the right hand side to add an optional image or link to this content element.</p>]]></content>
      </Text>
    </Paragraph>
    <Paragraph>
      <Headline><![CDATA[Using the form based editor]]></Headline>
      <Text name="Text0">
        <links/>
        <content><![CDATA[<p>All content in OpenCms is stored in structured fields. You can open the full form based editor by either clicking the pen icon that is shown on the "bullseye" edit point menu that appears on the upper right of an element, or by clicking the pen icon in the toolbar while you edit content inline.</p>
<p>Using either the form based editor or the inline editor is a matter of preference.</p>]]></content>
      </Text>
      <Link>
        <Text><![CDATA[Continue with step 3: Work with the sitemap]]></Text>
        <URI>
          <link internal="true" type="WEAK">
            <target><![CDATA[/sites/default/tutorial/step-3-work-with-the-sitemap/]]></target>
            <uuid>e7408846-460a-11e3-b822-000c29d28104</uuid>
          </link>
        </URI>
      </Link>
    </Paragraph>
  </BootstrapTextblock>
</BootstrapTextblocks>
