<?xml version="1.0" encoding="UTF-8"?>

<BootstrapTextblocks xmlns:xsi="http://www.w3.org/2001/XMLSchema-instance" xsi:noNamespaceSchemaLocation="opencms://system/modules/com.alkacon.bootstrap.schemas/schemas/textblock.xsd">
  <BootstrapTextblock language="en">
    <Title><![CDATA[OpenCms Introduction: Step 4 - Link to Step 5]]></Title>
    <Paragraph>
      <Text name="Text0">
        <links/>
        <content><![CDATA[<p>OpenCms features a device preview that allows you to easily see how the page will look e.g. in a iPad or smartphone. Just click on the <em><strong>Show menu</strong></em> icon on the toolbar, and there select for example <em><strong>Show in device &gt; Mobile &gt; iPhone (landscape)</strong></em>. A preview is shown for the selected device.</p>
<p>To close the preview, just click anywhere outside the highlighted area.</p>]]></content>
      </Text>
      <Link>
        <Text><![CDATA[Continue with step 5: Publish your changes]]></Text>
        <URI>
          <link internal="true" type="WEAK">
            <target><![CDATA[/sites/default/tutorial/step-5-publish-your-changes/]]></target>
            <uuid>fe33c6dc-460a-11e3-b822-000c29d28104</uuid>
          </link>
        </URI>
      </Link>
    </Paragraph>
  </BootstrapTextblock>
</BootstrapTextblocks>
