<?xml version="1.0" encoding="UTF-8"?>

<export>
	<info>
		<creator>Admin</creator>
		<opencms_version>9.0.0</opencms_version>
		<createdate>Fri, 08 Nov 2013 17:58:03 GMT</createdate>
		<infoproject>Offline</infoproject>
		<export_version>7</export_version>
	</info>
	<module>
		<name>com.alkacon.bootstrap.schemas</name>
		<nicename><![CDATA[Bootstrap Template Schemas]]></nicename>
		<group>Bootstrap Template</group>
		<class/>
		<description><![CDATA[The OpenCms 9 bootstrap XML Schema Definitions.]]></description>
		<version>9.0.0</version>
		<authorname><![CDATA[Alkacon Software GmbH]]></authorname>
		<authoremail><![CDATA[sales@alkacon.com]]></authoremail>
		<datecreated/>
		<userinstalled/>
		<dateinstalled/>
		<dependencies>
			<dependency name="org.opencms.ade.config" version="9.0.0"/>
		</dependencies>
		<exportpoints/>
		<resources>
			<resource uri="/system/modules/com.alkacon.bootstrap.schemas/"/>
			<resource uri="/system/workplace/resources/filetypes/bs-jumbotron.png"/>
			<resource uri="/system/workplace/resources/filetypes/bs-jumbotron_big.png"/>
			<resource uri="/system/workplace/resources/filetypes/bs-textblock.png"/>
			<resource uri="/system/workplace/resources/filetypes/bs-textblock_big.png"/>
			<resource uri="/system/workplace/resources/filetypes/bs-imagerow.png"/>
			<resource uri="/system/workplace/resources/filetypes/bs-imagerow_big.png"/>
			<resource uri="/system/workplace/resources/filetypes/bs-imagegalleryshow.png"/>
			<resource uri="/system/workplace/resources/filetypes/bs-imagegalleryshow_big.png"/>
			<resource uri="/system/workplace/resources/filetypes/bs-tabs.png"/>
			<resource uri="/system/workplace/resources/filetypes/bs-tabs_big.png"/>
			<resource uri="/system/workplace/resources/filetypes/bs-flexible.png"/>
			<resource uri="/system/workplace/resources/filetypes/bs-flexible_big.png"/>
			<resource uri="/system/workplace/resources/filetypes/bs-slider.png"/>
			<resource uri="/system/workplace/resources/filetypes/bs-slider_big.png"/>
			<resource uri="/system/workplace/resources/filetypes/bs-carousel.png"/>
			<resource uri="/system/workplace/resources/filetypes/bs-carousel_big.png"/>
			<resource uri="/system/workplace/resources/filetypes/bs-teaserrow.png"/>
			<resource uri="/system/workplace/resources/filetypes/bs-teaserrow_big.png"/>
			<resource uri="/system/workplace/resources/filetypes/bs-blog.png"/>
			<resource uri="/system/workplace/resources/filetypes/bs-blog_big.png"/>
			<resource uri="/system/workplace/resources/filetypes/bs-list.png"/>
			<resource uri="/system/workplace/resources/filetypes/bs-list_big.png"/>
			<resource uri="/system/workplace/resources/filetypes/bs-navigation.png"/>
			<resource uri="/system/workplace/resources/filetypes/bs-navigation_big.png"/>
		</resources>
		<parameters/>
		<resourcetypes>
			<type class="org.opencms.file.types.CmsResourceTypeXmlContent" name="bs-jumbotron" id="180">
				<param name="schema">/system/modules/com.alkacon.bootstrap.schemas/schemas/jumbotron.xsd</param>
			</type>
			<type class="org.opencms.file.types.CmsResourceTypeXmlContent" name="bs-textblock" id="182">
				<param name="schema">/system/modules/com.alkacon.bootstrap.schemas/schemas/textblock.xsd</param>
			</type>
			<type class="org.opencms.file.types.CmsResourceTypeXmlContent" name="bs-tabs" id="183">
				<param name="schema">/system/modules/com.alkacon.bootstrap.schemas/schemas/tabs.xsd</param>
			</type>
			<type class="org.opencms.file.types.CmsResourceTypeXmlContent" name="bs-imagerow" id="184">
				<param name="schema">/system/modules/com.alkacon.bootstrap.schemas/schemas/imagerow.xsd</param>
			</type>
			<type class="org.opencms.file.types.CmsResourceTypeXmlContent" name="bs-flexible" id="185">
				<param name="schema">/system/modules/com.alkacon.bootstrap.schemas/schemas/flexible.xsd</param>
			</type>
			<type class="org.opencms.file.types.CmsResourceTypeXmlContent" name="bs-slider" id="186">
				<param name="schema">/system/modules/com.alkacon.bootstrap.schemas/schemas/slider.xsd</param>
			</type>
			<type class="org.opencms.file.types.CmsResourceTypeXmlContent" name="bs-imagegalleryshow" id="187">
				<param name="schema">/system/modules/com.alkacon.bootstrap.schemas/schemas/imagegalleryshow.xsd</param>
			</type>
			<type class="org.opencms.file.types.CmsResourceTypeXmlContent" name="bs-carousel" id="188">
				<param name="schema">/system/modules/com.alkacon.bootstrap.schemas/schemas/carousel.xsd</param>
			</type>
			<type class="org.opencms.file.types.CmsResourceTypeXmlContent" name="bs-teaserrow" id="189">
				<param name="schema">/system/modules/com.alkacon.bootstrap.schemas/schemas/teaserrow.xsd</param>
			</type>
			<type class="org.opencms.file.types.CmsResourceTypeXmlContent" name="bs-blog" id="192">
				<param name="schema">/system/modules/com.alkacon.bootstrap.schemas/schemas/blog.xsd</param>
			</type>
			<type class="org.opencms.file.types.CmsResourceTypeXmlContent" name="bs-list" id="193">
				<param name="schema">/system/modules/com.alkacon.bootstrap.schemas/schemas/list.xsd</param>
			</type>
			<type class="org.opencms.file.types.CmsResourceTypeXmlContent" name="bs-navigation" id="194">
				<param name="schema">/system/modules/com.alkacon.bootstrap.schemas/schemas/navigation.xsd</param>
			</type>
		</resourcetypes>
		<explorertypes>
			<explorertype name="bs-menu" key="fileicon.bs-menu" icon="menu.png" reference="xmlcontent">
				<newresource uri="newresource.jsp?page=bs-menu" order="12" autosetnavigation="false" autosettitle="false" info="desc.bs-menu"/>
			</explorertype>
			<explorertype name="bs-jumbotron" key="fileicon.bs-jumbotron" icon="bs-jumbotron.png" bigicon="bs-jumbotron_big.png" reference="xmlcontent">
				<newresource page="bs-menu" uri="newresource_xmlcontent.jsp?newresourcetype=bs-jumbotron" order="10" autosetnavigation="false" autosettitle="false" info="desc.bs-jumbotron"/>
			</explorertype>
			<explorertype name="bs-textblock" key="fileicon.bs-textblock" icon="bs-textblock.png" bigicon="bs-textblock_big.png" reference="xmlcontent">
				<newresource page="bs-menu" uri="newresource_xmlcontent.jsp?newresourcetype=bs-textblock" order="20" autosetnavigation="false" autosettitle="false" info="desc.bs-textblock"/>
			</explorertype>
			<explorertype name="bs-tabs" key="fileicon.bs-tabs" icon="bs-tabs.png" bigicon="bs-tabs_big.png" reference="xmlcontent">
				<newresource page="bs-menu" uri="newresource_xmlcontent.jsp?newresourcetype=bs-tabs" order="30" autosetnavigation="false" autosettitle="false" info="desc.bs-tabs"/>
			</explorertype>
			<explorertype name="bs-imagerow" key="fileicon.bs-imagerow" icon="bs-imagerow.png" bigicon="bs-imagerow_big.png" reference="xmlcontent">
				<newresource page="bs-menu" uri="newresource_xmlcontent.jsp?newresourcetype=bs-imagerow" order="40" autosetnavigation="false" autosettitle="false" info="desc.bs-imagerow"/>
			</explorertype>
			<explorertype name="bs-flexible" key="fileicon.bs-flexible" icon="bs-flexible.png" bigicon="bs-flexible_big.png" reference="xmlcontent">
				<newresource page="bs-menu" uri="newresource_xmlcontent.jsp?newresourcetype=bs-flexible" order="50" autosetnavigation="false" autosettitle="false" info="desc.bs-flexible"/>
			</explorertype>
			<explorertype name="bs-slider" key="fileicon.bs-slider" icon="bs-slider.png" bigicon="bs-slider_big.png" reference="xmlcontent">
				<newresource page="bs-menu" uri="newresource_xmlcontent.jsp?newresourcetype=bs-slider" order="60" autosetnavigation="false" autosettitle="false" info="desc.bs-slider"/>
			</explorertype>
			<explorertype name="bs-imagegalleryshow" key="fileicon.bs-imagegalleryshow" icon="bs-imagegalleryshow.png" bigicon="bs-imagegalleryshow_big.png" reference="xmlcontent">
				<newresource page="bs-menu" uri="newresource_xmlcontent.jsp?newresourcetype=bs-imagegalleryshow" order="62" autosetnavigation="false" autosettitle="false" info="desc.bs-imagegalleryshow"/>
			</explorertype>
			<explorertype name="bs-carousel" key="fileicon.bs-carousel" icon="bs-carousel.png" bigicon="bs-carousel_big.png" reference="xmlcontent">
				<newresource page="bs-menu" uri="newresource_xmlcontent.jsp?newresourcetype=bs-carousel" order="70" autosetnavigation="false" autosettitle="false" info="desc.bs-carousel"/>
			</explorertype>
			<explorertype name="bs-teaserrow" key="fileicon.bs-teaserrow" icon="bs-teaserrow.png" bigicon="bs-teaserrow_big.png" reference="xmlcontent">
				<newresource page="bs-menu" uri="newresource_xmlcontent.jsp?newresourcetype=bs-teaserrow" order="80" autosetnavigation="false" autosettitle="false" info="desc.bs-teaserrow"/>
			</explorertype>
			<explorertype name="bs-blog" key="fileicon.bs-blog" icon="bs-blog.png" bigicon="bs-blog_big.png" reference="xmlcontent">
				<newresource page="bs-menu" uri="newresource_xmlcontent.jsp?newresourcetype=bs-blog" order="90" autosetnavigation="false" autosettitle="false" info="desc.bs-blog"/>
			</explorertype>
			<explorertype name="bs-list" key="fileicon.bs-list" icon="bs-list.png" bigicon="bs-list_big.png" reference="xmlcontent">
				<newresource page="bs-menu" uri="newresource_xmlcontent.jsp?newresourcetype=bs-list" order="100" autosetnavigation="false" autosettitle="false" info="desc.bs-list"/>
			</explorertype>
			<explorertype name="bs-navigation" key="fileicon.bs-navigation" icon="bs-navigation.png" bigicon="bs-navigation_big.png" reference="xmlcontent">
				<newresource page="bs-menu" uri="newresource_xmlcontent.jsp?newresourcetype=bs-navigation" order="500" autosetnavigation="false" autosettitle="false" info="desc.bs-navigation"/>
			</explorertype>
		</explorertypes>
	</module>
	<files>
		<file>
			<destination>system</destination>
			<type>folder</type>
			<uuidstructure>ee6ff10f-422a-11e3-af03-000c29d28104</uuidstructure>
			<datelastmodified>Thu, 31 Oct 2013 12:49:50 GMT</datelastmodified>
			<userlastmodified>Admin</userlastmodified>
			<datecreated>Thu, 31 Oct 2013 12:49:50 GMT</datecreated>
			<usercreated>Admin</usercreated>
			<flags>0</flags>
			<properties/>
			<relations/>
			<accesscontrol>
				<accessentry>
					<uuidprincipal>ROLE.WORKPLACE_USER</uuidprincipal>
					<flags>514</flags>
					<permissionset>
						<allowed>1</allowed>
						<denied>0</denied>
					</permissionset>
				</accessentry>
			</accesscontrol>
		</file>
		<file>
			<destination>system/modules</destination>
			<type>folder</type>
			<uuidstructure>efe21eeb-422a-11e3-af03-000c29d28104</uuidstructure>
			<datelastmodified>Thu, 31 Oct 2013 12:49:53 GMT</datelastmodified>
			<userlastmodified>Admin</userlastmodified>
			<datecreated>Thu, 31 Oct 2013 12:49:53 GMT</datecreated>
			<usercreated>Admin</usercreated>
			<flags>0</flags>
			<properties/>
			<relations/>
			<accesscontrol>
				<accessentry>
					<uuidprincipal>ROLE.WORKPLACE_USER</uuidprincipal>
					<flags>514</flags>
					<permissionset>
						<allowed>5</allowed>
						<denied>0</denied>
					</permissionset>
				</accessentry>
			</accesscontrol>
		</file>
		<file>
			<destination>system/modules/com.alkacon.bootstrap.schemas</destination>
			<type>folder</type>
			<uuidstructure>e758ce9a-1a11-11e3-9358-000c29f9a2ec</uuidstructure>
			<datelastmodified>Tue, 10 Sep 2013 12:09:54 GMT</datelastmodified>
			<userlastmodified>Admin</userlastmodified>
			<datecreated>Tue, 10 Sep 2013 12:09:54 GMT</datecreated>
			<usercreated>Admin</usercreated>
			<flags>0</flags>
			<properties/>
			<relations/>
			<accesscontrol/>
		</file>
		<file>
			<source>system/modules/com.alkacon.bootstrap.schemas/.config</source>
			<destination>system/modules/com.alkacon.bootstrap.schemas/.config</destination>
			<type>module_config</type>
			<uuidstructure>1a6836da-1aca-11e3-a5c5-000c29f9a2ec</uuidstructure>
			<uuidresource>1a6836db-1aca-11e3-a5c5-000c29f9a2ec</uuidresource>
			<datelastmodified>Fri, 08 Nov 2013 09:59:56 GMT</datelastmodified>
			<userlastmodified>Admin</userlastmodified>
			<datecreated>Wed, 11 Sep 2013 10:08:28 GMT</datecreated>
			<usercreated>Admin</usercreated>
			<flags>0</flags>
			<properties>
				<property>
					<name>locale</name>
					<value><![CDATA[en]]></value>
				</property>
				<property>
					<name>locale-available</name>
					<value><![CDATA[en]]></value>
				</property>
				<property>
					<name>search.exclude</name>
					<value><![CDATA[all]]></value>
				</property>
			</properties>
			<relations/>
			<accesscontrol/>
		</file>
		<file>
			<destination>system/modules/com.alkacon.bootstrap.schemas/i18n</destination>
			<type>folder</type>
			<uuidstructure>fc538c86-1ac5-11e3-9246-000c29f9a2ec</uuidstructure>
			<datelastmodified>Wed, 11 Sep 2013 09:38:59 GMT</datelastmodified>
			<userlastmodified>Admin</userlastmodified>
			<datecreated>Wed, 11 Sep 2013 09:38:59 GMT</datecreated>
			<usercreated>Admin</usercreated>
			<flags>0</flags>
			<properties/>
			<relations/>
			<accesscontrol/>
		</file>
		<file>
			<source>system/modules/com.alkacon.bootstrap.schemas/i18n/com.alkacon.bootstrap.schemas.blog</source>
			<destination>system/modules/com.alkacon.bootstrap.schemas/i18n/com.alkacon.bootstrap.schemas.blog</destination>
			<type>xmlvfsbundle</type>
			<uuidstructure>d99cbd6b-4543-11e3-93f3-000c29d28104</uuidstructure>
			<uuidresource>d99cbd6c-4543-11e3-93f3-000c29d28104</uuidresource>
			<datelastmodified>Thu, 07 Nov 2013 15:05:55 GMT</datelastmodified>
			<userlastmodified>Admin</userlastmodified>
			<datecreated>Mon, 04 Nov 2013 11:25:46 GMT</datecreated>
			<usercreated>Admin</usercreated>
			<flags>0</flags>
			<properties>
				<property>
					<name>Title</name>
					<value><![CDATA[Localization for blog]]></value>
				</property>
				<property>
					<name>search.exclude</name>
					<value><![CDATA[all]]></value>
				</property>
			</properties>
			<relations/>
			<accesscontrol/>
		</file>
		<file>
			<source>system/modules/com.alkacon.bootstrap.schemas/i18n/com.alkacon.bootstrap.schemas.carousel</source>
			<destination>system/modules/com.alkacon.bootstrap.schemas/i18n/com.alkacon.bootstrap.schemas.carousel</destination>
			<type>xmlvfsbundle</type>
			<uuidstructure>3eb522fa-3c82-11e3-a99f-000c2943a707</uuidstructure>
			<uuidresource>3eb522fb-3c82-11e3-a99f-000c2943a707</uuidresource>
			<datelastmodified>Thu, 07 Nov 2013 15:06:21 GMT</datelastmodified>
			<userlastmodified>Admin</userlastmodified>
			<datecreated>Thu, 24 Oct 2013 07:59:44 GMT</datecreated>
			<usercreated>Admin</usercreated>
			<flags>0</flags>
			<properties>
				<property>
					<name>Title</name>
					<value><![CDATA[Localization for carousel element]]></value>
				</property>
				<property>
					<name>search.exclude</name>
					<value><![CDATA[all]]></value>
				</property>
			</properties>
			<relations/>
			<accesscontrol/>
		</file>
		<file>
			<source>system/modules/com.alkacon.bootstrap.schemas/i18n/com.alkacon.bootstrap.schemas.flexible</source>
			<destination>system/modules/com.alkacon.bootstrap.schemas/i18n/com.alkacon.bootstrap.schemas.flexible</destination>
			<type>xmlvfsbundle</type>
			<uuidstructure>9a932ff1-210f-11e3-bb06-000c297c001d</uuidstructure>
			<uuidresource>9a932ff2-210f-11e3-bb06-000c297c001d</uuidresource>
			<datelastmodified>Thu, 07 Nov 2013 15:06:47 GMT</datelastmodified>
			<userlastmodified>Admin</userlastmodified>
			<datecreated>Thu, 19 Sep 2013 09:41:05 GMT</datecreated>
			<usercreated>Admin</usercreated>
			<flags>0</flags>
			<properties>
				<property>
					<name>Title</name>
					<value><![CDATA[Localization flexible element]]></value>
				</property>
				<property>
					<name>search.exclude</name>
					<value><![CDATA[all]]></value>
				</property>
			</properties>
			<relations/>
			<accesscontrol/>
		</file>
		<file>
			<source>system/modules/com.alkacon.bootstrap.schemas/i18n/com.alkacon.bootstrap.schemas.imagegalleryshow</source>
			<destination>system/modules/com.alkacon.bootstrap.schemas/i18n/com.alkacon.bootstrap.schemas.imagegalleryshow</destination>
			<type>xmlvfsbundle</type>
			<uuidstructure>2c848cda-3bf4-11e3-a0c9-000c2943a707</uuidstructure>
			<uuidresource>2c848cdb-3bf4-11e3-a0c9-000c2943a707</uuidresource>
			<datelastmodified>Thu, 07 Nov 2013 15:07:06 GMT</datelastmodified>
			<userlastmodified>Admin</userlastmodified>
			<datecreated>Wed, 23 Oct 2013 15:02:45 GMT</datecreated>
			<usercreated>Admin</usercreated>
			<flags>0</flags>
			<properties>
				<property>
					<name>Title</name>
					<value><![CDATA[Localization for image gallery show element]]></value>
				</property>
				<property>
					<name>search.exclude</name>
					<value><![CDATA[all]]></value>
				</property>
			</properties>
			<relations/>
			<accesscontrol/>
		</file>
		<file>
			<source>system/modules/com.alkacon.bootstrap.schemas/i18n/com.alkacon.bootstrap.schemas.imagerow</source>
			<destination>system/modules/com.alkacon.bootstrap.schemas/i18n/com.alkacon.bootstrap.schemas.imagerow</destination>
			<type>xmlvfsbundle</type>
			<uuidstructure>2afa0df4-1ed3-11e3-89be-000c29f9a2ec</uuidstructure>
			<uuidresource>2afa0df5-1ed3-11e3-89be-000c29f9a2ec</uuidresource>
			<datelastmodified>Thu, 07 Nov 2013 15:12:58 GMT</datelastmodified>
			<userlastmodified>Admin</userlastmodified>
			<datecreated>Mon, 16 Sep 2013 13:23:25 GMT</datecreated>
			<usercreated>Admin</usercreated>
			<flags>0</flags>
			<properties>
				<property>
					<name>Title</name>
					<value><![CDATA[Localization image row element]]></value>
				</property>
				<property>
					<name>search.exclude</name>
					<value><![CDATA[all]]></value>
				</property>
			</properties>
			<relations/>
			<accesscontrol/>
		</file>
		<file>
			<source>system/modules/com.alkacon.bootstrap.schemas/i18n/com.alkacon.bootstrap.schemas.jumbotron</source>
			<destination>system/modules/com.alkacon.bootstrap.schemas/i18n/com.alkacon.bootstrap.schemas.jumbotron</destination>
			<type>xmlvfsbundle</type>
			<uuidstructure>0ae938d8-1ac6-11e3-9246-000c29f9a2ec</uuidstructure>
			<uuidresource>0ae938d9-1ac6-11e3-9246-000c29f9a2ec</uuidresource>
			<datelastmodified>Fri, 13 Sep 2013 08:19:15 GMT</datelastmodified>
			<userlastmodified>Admin</userlastmodified>
			<datecreated>Wed, 11 Sep 2013 09:39:24 GMT</datecreated>
			<usercreated>Admin</usercreated>
			<flags>0</flags>
			<properties>
				<property>
					<name>Title</name>
					<value><![CDATA[Localization jumbotron element]]></value>
				</property>
				<property>
					<name>search.exclude</name>
					<value><![CDATA[all]]></value>
				</property>
			</properties>
			<relations/>
			<accesscontrol/>
		</file>
		<file>
			<source>system/modules/com.alkacon.bootstrap.schemas/i18n/com.alkacon.bootstrap.schemas.list</source>
			<destination>system/modules/com.alkacon.bootstrap.schemas/i18n/com.alkacon.bootstrap.schemas.list</destination>
			<type>xmlvfsbundle</type>
			<uuidstructure>368eb611-4605-11e3-945d-000c29d28104</uuidstructure>
			<uuidresource>368eb612-4605-11e3-945d-000c29d28104</uuidresource>
			<datelastmodified>Thu, 07 Nov 2013 15:12:27 GMT</datelastmodified>
			<userlastmodified>Admin</userlastmodified>
			<datecreated>Tue, 05 Nov 2013 10:29:55 GMT</datecreated>
			<usercreated>Admin</usercreated>
			<flags>0</flags>
			<properties>
				<property>
					<name>Title</name>
					<value><![CDATA[Localization for blog]]></value>
				</property>
				<property>
					<name>search.exclude</name>
					<value><![CDATA[all]]></value>
				</property>
			</properties>
			<relations/>
			<accesscontrol/>
		</file>
		<file>
			<source>system/modules/com.alkacon.bootstrap.schemas/i18n/com.alkacon.bootstrap.schemas.login</source>
			<destination>system/modules/com.alkacon.bootstrap.schemas/i18n/com.alkacon.bootstrap.schemas.login</destination>
			<type>xmlvfsbundle</type>
			<uuidstructure>1c0c0dd6-2127-11e3-bb06-000c297c001d</uuidstructure>
			<uuidresource>1c0c0dd7-2127-11e3-bb06-000c297c001d</uuidresource>
			<datelastmodified>Fri, 27 Sep 2013 08:54:04 GMT</datelastmodified>
			<userlastmodified>Admin</userlastmodified>
			<datecreated>Thu, 19 Sep 2013 12:29:20 GMT</datecreated>
			<usercreated>Admin</usercreated>
			<flags>0</flags>
			<properties>
				<property>
					<name>Title</name>
					<value><![CDATA[Localization for login element]]></value>
				</property>
				<property>
					<name>search.exclude</name>
					<value><![CDATA[all]]></value>
				</property>
			</properties>
			<relations/>
			<accesscontrol/>
		</file>
		<file>
			<source>system/modules/com.alkacon.bootstrap.schemas/i18n/com.alkacon.bootstrap.schemas.navigation</source>
			<destination>system/modules/com.alkacon.bootstrap.schemas/i18n/com.alkacon.bootstrap.schemas.navigation</destination>
			<type>xmlvfsbundle</type>
			<uuidstructure>56a162ed-46bc-11e3-8fa9-000c29d28104</uuidstructure>
			<uuidresource>56a162ee-46bc-11e3-8fa9-000c29d28104</uuidresource>
			<datelastmodified>Thu, 07 Nov 2013 15:02:40 GMT</datelastmodified>
			<userlastmodified>Admin</userlastmodified>
			<datecreated>Wed, 06 Nov 2013 08:20:47 GMT</datecreated>
			<usercreated>Admin</usercreated>
			<flags>0</flags>
			<properties>
				<property>
					<name>Title</name>
					<value><![CDATA[Localization navigation element]]></value>
				</property>
				<property>
					<name>search.exclude</name>
					<value><![CDATA[all]]></value>
				</property>
			</properties>
			<relations/>
			<accesscontrol/>
		</file>
		<file>
			<source>system/modules/com.alkacon.bootstrap.schemas/i18n/com.alkacon.bootstrap.schemas.slider</source>
			<destination>system/modules/com.alkacon.bootstrap.schemas/i18n/com.alkacon.bootstrap.schemas.slider</destination>
			<type>xmlvfsbundle</type>
			<uuidstructure>8a926a02-2433-11e3-adc8-000c297c001d</uuidstructure>
			<uuidresource>8a926a03-2433-11e3-adc8-000c297c001d</uuidresource>
			<datelastmodified>Thu, 07 Nov 2013 15:10:21 GMT</datelastmodified>
			<userlastmodified>Admin</userlastmodified>
			<datecreated>Mon, 23 Sep 2013 09:35:53 GMT</datecreated>
			<usercreated>Admin</usercreated>
			<flags>0</flags>
			<properties>
				<property>
					<name>Title</name>
					<value><![CDATA[Localization for slider element]]></value>
				</property>
				<property>
					<name>search.exclude</name>
					<value><![CDATA[all]]></value>
				</property>
			</properties>
			<relations/>
			<accesscontrol/>
		</file>
		<file>
			<source>system/modules/com.alkacon.bootstrap.schemas/i18n/com.alkacon.bootstrap.schemas.tabs</source>
			<destination>system/modules/com.alkacon.bootstrap.schemas/i18n/com.alkacon.bootstrap.schemas.tabs</destination>
			<type>xmlvfsbundle</type>
			<uuidstructure>61d671b1-1f82-11e3-8a31-000c29f9a2ec</uuidstructure>
			<uuidresource>61d671b2-1f82-11e3-8a31-000c29f9a2ec</uuidresource>
			<datelastmodified>Thu, 07 Nov 2013 15:09:57 GMT</datelastmodified>
			<userlastmodified>Admin</userlastmodified>
			<datecreated>Tue, 17 Sep 2013 10:17:39 GMT</datecreated>
			<usercreated>Admin</usercreated>
			<flags>0</flags>
			<properties>
				<property>
					<name>Title</name>
					<value><![CDATA[Localization tabs element]]></value>
				</property>
				<property>
					<name>search.exclude</name>
					<value><![CDATA[all]]></value>
				</property>
			</properties>
			<relations/>
			<accesscontrol/>
		</file>
		<file>
			<source>system/modules/com.alkacon.bootstrap.schemas/i18n/com.alkacon.bootstrap.schemas.teaserrow</source>
			<destination>system/modules/com.alkacon.bootstrap.schemas/i18n/com.alkacon.bootstrap.schemas.teaserrow</destination>
			<type>xmlvfsbundle</type>
			<uuidstructure>c9d0efeb-3c8f-11e3-a99f-000c2943a707</uuidstructure>
			<uuidresource>c9d0efec-3c8f-11e3-a99f-000c2943a707</uuidresource>
			<datelastmodified>Thu, 07 Nov 2013 15:09:38 GMT</datelastmodified>
			<userlastmodified>Admin</userlastmodified>
			<datecreated>Thu, 24 Oct 2013 09:36:41 GMT</datecreated>
			<usercreated>Admin</usercreated>
			<flags>0</flags>
			<properties>
				<property>
					<name>Title</name>
					<value><![CDATA[Localization for teaser row element]]></value>
				</property>
				<property>
					<name>search.exclude</name>
					<value><![CDATA[all]]></value>
				</property>
			</properties>
			<relations/>
			<accesscontrol/>
		</file>
		<file>
			<source>system/modules/com.alkacon.bootstrap.schemas/i18n/com.alkacon.bootstrap.schemas.textblock</source>
			<destination>system/modules/com.alkacon.bootstrap.schemas/i18n/com.alkacon.bootstrap.schemas.textblock</destination>
			<type>xmlvfsbundle</type>
			<uuidstructure>510179c2-1c71-11e3-b68b-000c29f9a2ec</uuidstructure>
			<uuidresource>510179c3-1c71-11e3-b68b-000c29f9a2ec</uuidresource>
			<datelastmodified>Thu, 07 Nov 2013 15:08:13 GMT</datelastmodified>
			<userlastmodified>Admin</userlastmodified>
			<datecreated>Fri, 13 Sep 2013 12:37:56 GMT</datecreated>
			<usercreated>Admin</usercreated>
			<flags>0</flags>
			<properties>
				<property>
					<name>Title</name>
					<value><![CDATA[Localization text block element]]></value>
				</property>
				<property>
					<name>search.exclude</name>
					<value><![CDATA[all]]></value>
				</property>
			</properties>
			<relations/>
			<accesscontrol/>
		</file>
		<file>
			<source>system/modules/com.alkacon.bootstrap.schemas/i18n/com.alkacon.bootstrap.schemas.workplace</source>
			<destination>system/modules/com.alkacon.bootstrap.schemas/i18n/com.alkacon.bootstrap.schemas.workplace</destination>
			<type>xmlvfsbundle</type>
			<uuidstructure>c9def4ee-1c45-11e3-80da-000c29f9a2ec</uuidstructure>
			<uuidresource>c9def4ef-1c45-11e3-80da-000c29f9a2ec</uuidresource>
			<datelastmodified>Fri, 08 Nov 2013 10:07:58 GMT</datelastmodified>
			<userlastmodified>Admin</userlastmodified>
			<datecreated>Fri, 13 Sep 2013 07:26:21 GMT</datecreated>
			<usercreated>Admin</usercreated>
			<flags>0</flags>
			<properties>
				<property>
					<name>Title</name>
					<value><![CDATA[Localization workplace]]></value>
				</property>
				<property>
					<name>search.exclude</name>
					<value><![CDATA[all]]></value>
				</property>
			</properties>
			<relations/>
			<accesscontrol/>
		</file>
		<file>
			<destination>system/modules/com.alkacon.bootstrap.schemas/schemas</destination>
			<type>folder</type>
			<uuidstructure>e75d898c-1a11-11e3-9358-000c29f9a2ec</uuidstructure>
			<datelastmodified>Tue, 10 Sep 2013 12:09:54 GMT</datelastmodified>
			<userlastmodified>Admin</userlastmodified>
			<datecreated>Tue, 10 Sep 2013 12:09:54 GMT</datecreated>
			<usercreated>Admin</usercreated>
			<flags>0</flags>
			<properties/>
			<relations/>
			<accesscontrol/>
		</file>
		<file>
			<source>system/modules/com.alkacon.bootstrap.schemas/schemas/blog.xsd</source>
			<destination>system/modules/com.alkacon.bootstrap.schemas/schemas/blog.xsd</destination>
			<type>plain</type>
			<uuidstructure>46f9ad54-4543-11e3-93f3-000c29d28104</uuidstructure>
			<uuidresource>46f9ad55-4543-11e3-93f3-000c29d28104</uuidresource>
			<datelastmodified>Tue, 05 Nov 2013 11:27:33 GMT</datelastmodified>
			<userlastmodified>Admin</userlastmodified>
			<datecreated>Mon, 04 Nov 2013 11:21:40 GMT</datecreated>
			<usercreated>Admin</usercreated>
			<flags>0</flags>
			<properties>
				<property>
					<name>Title</name>
					<value><![CDATA[XSD for a blog entry]]></value>
				</property>
			</properties>
			<relations/>
			<accesscontrol/>
		</file>
		<file>
			<source>system/modules/com.alkacon.bootstrap.schemas/schemas/carousel.xsd</source>
			<destination>system/modules/com.alkacon.bootstrap.schemas/schemas/carousel.xsd</destination>
			<type>plain</type>
			<uuidstructure>3e3022fb-3c7c-11e3-a752-000c2943a707</uuidstructure>
			<uuidresource>3e3022fc-3c7c-11e3-a752-000c2943a707</uuidresource>
			<datelastmodified>Thu, 24 Oct 2013 08:52:08 GMT</datelastmodified>
			<userlastmodified>Admin</userlastmodified>
			<datecreated>Thu, 24 Oct 2013 07:16:46 GMT</datecreated>
			<usercreated>Admin</usercreated>
			<flags>0</flags>
			<properties>
				<property>
					<name>Title</name>
					<value><![CDATA[XSD for a carousel]]></value>
				</property>
			</properties>
			<relations/>
			<accesscontrol/>
		</file>
		<file>
			<source>system/modules/com.alkacon.bootstrap.schemas/schemas/flexible.xsd</source>
			<destination>system/modules/com.alkacon.bootstrap.schemas/schemas/flexible.xsd</destination>
			<type>plain</type>
			<uuidstructure>780691d7-210b-11e3-9f67-000c297c001d</uuidstructure>
			<uuidresource>780691d8-210b-11e3-9f67-000c297c001d</uuidresource>
			<datelastmodified>Tue, 05 Nov 2013 13:59:38 GMT</datelastmodified>
			<userlastmodified>Admin</userlastmodified>
			<datecreated>Thu, 19 Sep 2013 09:11:29 GMT</datecreated>
			<usercreated>Admin</usercreated>
			<flags>0</flags>
			<properties>
				<property>
					<name>Title</name>
					<value><![CDATA[XSD for flexible element]]></value>
				</property>
			</properties>
			<relations/>
			<accesscontrol/>
		</file>
		<file>
			<source>system/modules/com.alkacon.bootstrap.schemas/schemas/imagegalleryshow.xsd</source>
			<destination>system/modules/com.alkacon.bootstrap.schemas/schemas/imagegalleryshow.xsd</destination>
			<type>plain</type>
			<uuidstructure>79722eb1-3bcc-11e3-a1ad-000c2943a707</uuidstructure>
			<uuidresource>79722eb2-3bcc-11e3-a1ad-000c2943a707</uuidresource>
			<datelastmodified>Wed, 23 Oct 2013 12:56:08 GMT</datelastmodified>
			<userlastmodified>Admin</userlastmodified>
			<datecreated>Wed, 23 Oct 2013 10:18:34 GMT</datecreated>
			<usercreated>Admin</usercreated>
			<flags>0</flags>
			<properties>
				<property>
					<name>Title</name>
					<value><![CDATA[XSD for an image gallery show]]></value>
				</property>
			</properties>
			<relations/>
			<accesscontrol/>
		</file>
		<file>
			<source>system/modules/com.alkacon.bootstrap.schemas/schemas/imagerow.xsd</source>
			<destination>system/modules/com.alkacon.bootstrap.schemas/schemas/imagerow.xsd</destination>
			<type>plain</type>
			<uuidstructure>5948bf59-1ecf-11e3-89be-000c29f9a2ec</uuidstructure>
			<uuidresource>5948bf5a-1ecf-11e3-89be-000c29f9a2ec</uuidresource>
			<datelastmodified>Mon, 16 Sep 2013 13:55:04 GMT</datelastmodified>
			<userlastmodified>Admin</userlastmodified>
			<datecreated>Mon, 16 Sep 2013 12:56:05 GMT</datecreated>
			<usercreated>Admin</usercreated>
			<flags>0</flags>
			<properties>
				<property>
					<name>Title</name>
					<value><![CDATA[XSD for an image row]]></value>
				</property>
			</properties>
			<relations/>
			<accesscontrol/>
		</file>
		<file>
			<source>system/modules/com.alkacon.bootstrap.schemas/schemas/jumbotron.xsd</source>
			<destination>system/modules/com.alkacon.bootstrap.schemas/schemas/jumbotron.xsd</destination>
			<type>plain</type>
			<uuidstructure>6c4b8173-1abf-11e3-9246-000c29f9a2ec</uuidstructure>
			<uuidresource>6c4b8174-1abf-11e3-9246-000c29f9a2ec</uuidresource>
			<datelastmodified>Fri, 20 Sep 2013 09:57:42 GMT</datelastmodified>
			<userlastmodified>Admin</userlastmodified>
			<datecreated>Wed, 11 Sep 2013 08:52:00 GMT</datecreated>
			<usercreated>Admin</usercreated>
			<flags>0</flags>
			<properties>
				<property>
					<name>Title</name>
					<value><![CDATA[XSD for a Jumbotron component]]></value>
				</property>
			</properties>
			<relations/>
			<accesscontrol/>
		</file>
		<file>
			<source>system/modules/com.alkacon.bootstrap.schemas/schemas/list.xsd</source>
			<destination>system/modules/com.alkacon.bootstrap.schemas/schemas/list.xsd</destination>
			<type>plain</type>
			<uuidstructure>7935e172-4602-11e3-945d-000c29d28104</uuidstructure>
			<uuidresource>7935e173-4602-11e3-945d-000c29d28104</uuidresource>
			<datelastmodified>Wed, 06 Nov 2013 13:35:44 GMT</datelastmodified>
			<userlastmodified>Admin</userlastmodified>
			<datecreated>Tue, 05 Nov 2013 10:10:18 GMT</datecreated>
			<usercreated>Admin</usercreated>
			<flags>0</flags>
			<properties>
				<property>
					<name>Title</name>
					<value><![CDATA[XSD for lists]]></value>
				</property>
			</properties>
			<relations/>
			<accesscontrol/>
		</file>
		<file>
			<source>system/modules/com.alkacon.bootstrap.schemas/schemas/navigation.xsd</source>
			<destination>system/modules/com.alkacon.bootstrap.schemas/schemas/navigation.xsd</destination>
			<type>plain</type>
			<uuidstructure>2c12af37-46ba-11e3-8fa9-000c29d28104</uuidstructure>
			<uuidresource>2c12af38-46ba-11e3-8fa9-000c29d28104</uuidresource>
			<datelastmodified>Wed, 06 Nov 2013 14:44:24 GMT</datelastmodified>
			<userlastmodified>Admin</userlastmodified>
			<datecreated>Wed, 06 Nov 2013 08:05:16 GMT</datecreated>
			<usercreated>Admin</usercreated>
			<flags>0</flags>
			<properties>
				<property>
					<name>Title</name>
					<value><![CDATA[XSD for a navigation]]></value>
				</property>
			</properties>
			<relations/>
			<accesscontrol/>
		</file>
		<file>
			<source>system/modules/com.alkacon.bootstrap.schemas/schemas/slider.xsd</source>
			<destination>system/modules/com.alkacon.bootstrap.schemas/schemas/slider.xsd</destination>
			<type>plain</type>
			<uuidstructure>a6289b03-2200-11e3-a498-000c297c001d</uuidstructure>
			<uuidresource>a6289b04-2200-11e3-a498-000c297c001d</uuidresource>
			<datelastmodified>Mon, 23 Sep 2013 13:06:43 GMT</datelastmodified>
			<userlastmodified>Admin</userlastmodified>
			<datecreated>Fri, 20 Sep 2013 14:26:33 GMT</datecreated>
			<usercreated>Admin</usercreated>
			<flags>0</flags>
			<properties>
				<property>
					<name>Title</name>
					<value><![CDATA[XSD for a Slider]]></value>
				</property>
			</properties>
			<relations/>
			<accesscontrol/>
		</file>
		<file>
			<source>system/modules/com.alkacon.bootstrap.schemas/schemas/tabs.xsd</source>
			<destination>system/modules/com.alkacon.bootstrap.schemas/schemas/tabs.xsd</destination>
			<type>plain</type>
			<uuidstructure>1fb64d5b-1f81-11e3-8a31-000c29f9a2ec</uuidstructure>
			<uuidresource>1fb64d5c-1f81-11e3-8a31-000c29f9a2ec</uuidresource>
			<datelastmodified>Tue, 17 Sep 2013 13:20:13 GMT</datelastmodified>
			<userlastmodified>Admin</userlastmodified>
			<datecreated>Tue, 17 Sep 2013 10:08:39 GMT</datecreated>
			<usercreated>Admin</usercreated>
			<flags>0</flags>
			<properties>
				<property>
					<name>Title</name>
					<value><![CDATA[XSD for a Tabs / Accordion]]></value>
				</property>
			</properties>
			<relations/>
			<accesscontrol/>
		</file>
		<file>
			<source>system/modules/com.alkacon.bootstrap.schemas/schemas/teaserrow.xsd</source>
			<destination>system/modules/com.alkacon.bootstrap.schemas/schemas/teaserrow.xsd</destination>
			<type>plain</type>
			<uuidstructure>562bf7de-3c7c-11e3-a752-000c2943a707</uuidstructure>
			<uuidresource>562bf7df-3c7c-11e3-a752-000c2943a707</uuidresource>
			<datelastmodified>Tue, 05 Nov 2013 09:58:07 GMT</datelastmodified>
			<userlastmodified>Admin</userlastmodified>
			<datecreated>Thu, 24 Oct 2013 07:17:27 GMT</datecreated>
			<usercreated>Admin</usercreated>
			<flags>0</flags>
			<properties>
				<property>
					<name>Title</name>
					<value><![CDATA[XSD for a teaser row]]></value>
				</property>
			</properties>
			<relations/>
			<accesscontrol/>
		</file>
		<file>
			<source>system/modules/com.alkacon.bootstrap.schemas/schemas/textblock.xsd</source>
			<destination>system/modules/com.alkacon.bootstrap.schemas/schemas/textblock.xsd</destination>
			<type>plain</type>
			<uuidstructure>df355414-1adf-11e3-8b33-000c29f9a2ec</uuidstructure>
			<uuidresource>df355415-1adf-11e3-8b33-000c29f9a2ec</uuidresource>
			<datelastmodified>Fri, 13 Sep 2013 14:32:25 GMT</datelastmodified>
			<userlastmodified>Admin</userlastmodified>
			<datecreated>Wed, 11 Sep 2013 12:44:17 GMT</datecreated>
			<usercreated>Admin</usercreated>
			<flags>0</flags>
			<properties>
				<property>
					<name>Title</name>
					<value><![CDATA[XSD for a text block]]></value>
				</property>
			</properties>
			<relations/>
			<accesscontrol/>
		</file>
		<file>
			<destination>system/modules/com.alkacon.bootstrap.schemas/schemas/nested</destination>
			<type>folder</type>
			<uuidstructure>ac5b2d9b-1ac6-11e3-9246-000c29f9a2ec</uuidstructure>
			<datelastmodified>Wed, 11 Sep 2013 09:43:54 GMT</datelastmodified>
			<userlastmodified>Admin</userlastmodified>
			<datecreated>Wed, 11 Sep 2013 09:43:54 GMT</datecreated>
			<usercreated>Admin</usercreated>
			<flags>0</flags>
			<properties/>
			<relations/>
			<accesscontrol/>
		</file>
		<file>
			<source>system/modules/com.alkacon.bootstrap.schemas/schemas/nested/availability.xsd</source>
			<destination>system/modules/com.alkacon.bootstrap.schemas/schemas/nested/availability.xsd</destination>
			<type>plain</type>
			<uuidstructure>f5c99e75-20fe-11e3-a189-000c297c001d</uuidstructure>
			<uuidresource>f5c99e75-20fe-11e3-a189-000c297c001d</uuidresource>
			<datelastmodified>Fri, 13 Sep 2013 14:30:52 GMT</datelastmodified>
			<userlastmodified>Admin</userlastmodified>
			<datecreated>Fri, 13 Sep 2013 10:51:38 GMT</datecreated>
			<usercreated>Admin</usercreated>
			<flags>0</flags>
			<properties>
				<property>
					<name>Title</name>
					<value><![CDATA[Nested XSD for availability info]]></value>
				</property>
			</properties>
			<relations/>
			<accesscontrol/>
		</file>
		<file>
			<source>system/modules/com.alkacon.bootstrap.schemas/schemas/nested/carouselitem.xsd</source>
			<destination>system/modules/com.alkacon.bootstrap.schemas/schemas/nested/carouselitem.xsd</destination>
			<type>plain</type>
			<uuidstructure>013e1ba7-3c7e-11e3-a99f-000c2943a707</uuidstructure>
			<uuidresource>013e1ba8-3c7e-11e3-a99f-000c2943a707</uuidresource>
			<datelastmodified>Thu, 24 Oct 2013 08:22:59 GMT</datelastmodified>
			<userlastmodified>Admin</userlastmodified>
			<datecreated>Thu, 24 Oct 2013 07:29:23 GMT</datecreated>
			<usercreated>Admin</usercreated>
			<flags>0</flags>
			<properties>
				<property>
					<name>Title</name>
					<value><![CDATA[Nested XSD for a carousel item]]></value>
				</property>
			</properties>
			<relations/>
			<accesscontrol/>
		</file>
		<file>
			<source>system/modules/com.alkacon.bootstrap.schemas/schemas/nested/flexiblechoice.xsd</source>
			<destination>system/modules/com.alkacon.bootstrap.schemas/schemas/nested/flexiblechoice.xsd</destination>
			<type>plain</type>
			<uuidstructure>17c0012a-210c-11e3-9f67-000c297c001d</uuidstructure>
			<uuidresource>17c0012b-210c-11e3-9f67-000c297c001d</uuidresource>
			<datelastmodified>Tue, 05 Nov 2013 14:01:40 GMT</datelastmodified>
			<userlastmodified>Admin</userlastmodified>
			<datecreated>Thu, 19 Sep 2013 09:15:57 GMT</datecreated>
			<usercreated>Admin</usercreated>
			<flags>0</flags>
			<properties>
				<property>
					<name>Title</name>
					<value><![CDATA[Nested XSD for flexible element choice]]></value>
				</property>
			</properties>
			<relations/>
			<accesscontrol/>
		</file>
		<file>
			<source>system/modules/com.alkacon.bootstrap.schemas/schemas/nested/image.xsd</source>
			<destination>system/modules/com.alkacon.bootstrap.schemas/schemas/nested/image.xsd</destination>
			<type>plain</type>
			<uuidstructure>774833e0-1c62-11e3-80da-000c29f9a2ec</uuidstructure>
			<uuidresource>774833e1-1c62-11e3-80da-000c29f9a2ec</uuidresource>
			<datelastmodified>Fri, 13 Sep 2013 14:30:52 GMT</datelastmodified>
			<userlastmodified>Admin</userlastmodified>
			<datecreated>Fri, 13 Sep 2013 10:51:38 GMT</datecreated>
			<usercreated>Admin</usercreated>
			<flags>0</flags>
			<properties>
				<property>
					<name>Title</name>
					<value><![CDATA[Nested XSD for a image]]></value>
				</property>
			</properties>
			<relations/>
			<accesscontrol/>
		</file>
		<file>
			<source>system/modules/com.alkacon.bootstrap.schemas/schemas/nested/imagerowitem.xsd</source>
			<destination>system/modules/com.alkacon.bootstrap.schemas/schemas/nested/imagerowitem.xsd</destination>
			<type>plain</type>
			<uuidstructure>1ff2ade1-1ed2-11e3-89be-000c29f9a2ec</uuidstructure>
			<uuidresource>1ff2ade2-1ed2-11e3-89be-000c29f9a2ec</uuidresource>
			<datelastmodified>Mon, 16 Sep 2013 15:23:55 GMT</datelastmodified>
			<userlastmodified>Admin</userlastmodified>
			<datecreated>Mon, 16 Sep 2013 13:15:57 GMT</datecreated>
			<usercreated>Admin</usercreated>
			<flags>0</flags>
			<properties>
				<property>
					<name>Title</name>
					<value><![CDATA[Nested XSD for an image row item]]></value>
				</property>
			</properties>
			<relations/>
			<accesscontrol/>
		</file>
		<file>
			<source>system/modules/com.alkacon.bootstrap.schemas/schemas/nested/link.xsd</source>
			<destination>system/modules/com.alkacon.bootstrap.schemas/schemas/nested/link.xsd</destination>
			<type>plain</type>
			<uuidstructure>d629b15d-1ac6-11e3-9246-000c29f9a2ec</uuidstructure>
			<uuidresource>d629b15e-1ac6-11e3-9246-000c29f9a2ec</uuidresource>
			<datelastmodified>Wed, 11 Sep 2013 09:46:47 GMT</datelastmodified>
			<userlastmodified>Admin</userlastmodified>
			<datecreated>Wed, 11 Sep 2013 09:45:05 GMT</datecreated>
			<usercreated>Admin</usercreated>
			<flags>0</flags>
			<properties>
				<property>
					<name>Title</name>
					<value><![CDATA[Nested XSD for a link]]></value>
				</property>
			</properties>
			<relations/>
			<accesscontrol/>
		</file>
		<file>
			<source>system/modules/com.alkacon.bootstrap.schemas/schemas/nested/paragraph.xsd</source>
			<destination>system/modules/com.alkacon.bootstrap.schemas/schemas/nested/paragraph.xsd</destination>
			<type>plain</type>
			<uuidstructure>349d2a1d-1c60-11e3-80da-000c29f9a2ec</uuidstructure>
			<uuidresource>349d2a1e-1c60-11e3-80da-000c29f9a2ec</uuidresource>
			<datelastmodified>Fri, 13 Sep 2013 12:33:58 GMT</datelastmodified>
			<userlastmodified>Admin</userlastmodified>
			<datecreated>Fri, 13 Sep 2013 10:35:27 GMT</datecreated>
			<usercreated>Admin</usercreated>
			<flags>0</flags>
			<properties>
				<property>
					<name>Title</name>
					<value><![CDATA[Nested XSD for a paragraph]]></value>
				</property>
			</properties>
			<relations/>
			<accesscontrol/>
		</file>
		<file>
			<source>system/modules/com.alkacon.bootstrap.schemas/schemas/nested/slidercaption.xsd</source>
			<destination>system/modules/com.alkacon.bootstrap.schemas/schemas/nested/slidercaption.xsd</destination>
			<type>plain</type>
			<uuidstructure>8e6839bd-2206-11e3-8169-000c297c001d</uuidstructure>
			<uuidresource>8e6839be-2206-11e3-8169-000c297c001d</uuidresource>
			<datelastmodified>Mon, 23 Sep 2013 10:34:11 GMT</datelastmodified>
			<userlastmodified>Admin</userlastmodified>
			<datecreated>Fri, 20 Sep 2013 15:08:50 GMT</datecreated>
			<usercreated>Admin</usercreated>
			<flags>0</flags>
			<properties>
				<property>
					<name>Title</name>
					<value><![CDATA[Nested XSD for a slider item caption element]]></value>
				</property>
			</properties>
			<relations/>
			<accesscontrol/>
		</file>
		<file>
			<source>system/modules/com.alkacon.bootstrap.schemas/schemas/nested/slideritem.xsd</source>
			<destination>system/modules/com.alkacon.bootstrap.schemas/schemas/nested/slideritem.xsd</destination>
			<type>plain</type>
			<uuidstructure>d501adfa-2203-11e3-8169-000c297c001d</uuidstructure>
			<uuidresource>d501adfb-2203-11e3-8169-000c297c001d</uuidresource>
			<datelastmodified>Mon, 23 Sep 2013 10:48:46 GMT</datelastmodified>
			<userlastmodified>Admin</userlastmodified>
			<datecreated>Fri, 20 Sep 2013 14:49:20 GMT</datecreated>
			<usercreated>Admin</usercreated>
			<flags>0</flags>
			<properties>
				<property>
					<name>Title</name>
					<value><![CDATA[Nested XSD for a slider item]]></value>
				</property>
			</properties>
			<relations/>
			<accesscontrol/>
		</file>
		<file>
			<source>system/modules/com.alkacon.bootstrap.schemas/schemas/nested/tabsitem.xsd</source>
			<destination>system/modules/com.alkacon.bootstrap.schemas/schemas/nested/tabsitem.xsd</destination>
			<type>plain</type>
			<uuidstructure>e309cfce-1f81-11e3-8a31-000c29f9a2ec</uuidstructure>
			<uuidresource>e309cfcf-1f81-11e3-8a31-000c29f9a2ec</uuidresource>
			<datelastmodified>Tue, 17 Sep 2013 13:01:50 GMT</datelastmodified>
			<userlastmodified>Admin</userlastmodified>
			<datecreated>Tue, 17 Sep 2013 10:14:07 GMT</datecreated>
			<usercreated>Admin</usercreated>
			<flags>0</flags>
			<properties>
				<property>
					<name>Title</name>
					<value><![CDATA[Nested XSD for a tabs item]]></value>
				</property>
			</properties>
			<relations/>
			<accesscontrol/>
		</file>
		<file>
			<source>system/modules/com.alkacon.bootstrap.schemas/schemas/nested/teaserrowitem.xsd</source>
			<destination>system/modules/com.alkacon.bootstrap.schemas/schemas/nested/teaserrowitem.xsd</destination>
			<type>plain</type>
			<uuidstructure>9ba1cdea-3c8b-11e3-a99f-000c2943a707</uuidstructure>
			<uuidresource>9ba1f4fb-3c8b-11e3-a99f-000c2943a707</uuidresource>
			<datelastmodified>Thu, 24 Oct 2013 10:37:46 GMT</datelastmodified>
			<userlastmodified>Admin</userlastmodified>
			<datecreated>Thu, 24 Oct 2013 09:06:46 GMT</datecreated>
			<usercreated>Admin</usercreated>
			<flags>0</flags>
			<properties>
				<property>
					<name>Title</name>
					<value><![CDATA[Nested XSD for an image row item]]></value>
				</property>
			</properties>
			<relations/>
			<accesscontrol/>
		</file>
		<file>
			<destination>system/workplace</destination>
			<type>folder</type>
			<uuidstructure>825afce2-11b7-11db-91cd-fdbae480bac9</uuidstructure>
			<datelastmodified>Mon, 27 Mar 2006 12:00:00 GMT</datelastmodified>
			<userlastmodified>Admin</userlastmodified>
			<datecreated>Mon, 27 Jun 2005 08:00:00 GMT</datecreated>
			<usercreated>Admin</usercreated>
			<flags>0</flags>
			<properties>
				<property>
					<name>content-encoding</name>
					<value><![CDATA[UTF-8]]></value>
				</property>
				<property>
					<name>export</name>
					<value><![CDATA[false]]></value>
				</property>
				<property>
					<name>login-form</name>
					<value><![CDATA[/system/login/index.html]]></value>
				</property>
			</properties>
			<relations/>
			<accesscontrol>
				<accessentry>
					<uuidprincipal>ALL_OTHERS</uuidprincipal>
					<flags>134</flags>
					<permissionset>
						<allowed>0</allowed>
						<denied>0</denied>
					</permissionset>
				</accessentry>
				<accessentry>
					<uuidprincipal>ROLE.WORKPLACE_USER</uuidprincipal>
					<flags>518</flags>
					<permissionset>
						<allowed>5</allowed>
						<denied>0</denied>
					</permissionset>
				</accessentry>
			</accesscontrol>
		</file>
		<file>
			<destination>system/workplace/resources</destination>
			<type>folder</type>
			<uuidstructure>82c16052-11b7-11db-91cd-fdbae480bac9</uuidstructure>
			<datelastmodified>Mon, 27 Mar 2006 12:00:00 GMT</datelastmodified>
			<userlastmodified>Admin</userlastmodified>
			<datecreated>Mon, 27 Jun 2005 08:00:00 GMT</datecreated>
			<usercreated>Admin</usercreated>
			<flags>0</flags>
			<properties/>
			<relations/>
			<accesscontrol/>
		</file>
		<file>
			<destination>system/workplace/resources/filetypes</destination>
			<type>folder</type>
			<uuidstructure>83ca1dcc-11b7-11db-91cd-fdbae480bac9</uuidstructure>
			<datelastmodified>Mon, 27 Mar 2006 12:00:00 GMT</datelastmodified>
			<userlastmodified>Admin</userlastmodified>
			<datecreated>Mon, 27 Jun 2005 08:00:00 GMT</datecreated>
			<usercreated>Admin</usercreated>
			<flags>0</flags>
			<properties/>
			<relations/>
			<accesscontrol/>
		</file>
		<file>
			<source>system/workplace/resources/filetypes/bs-blog.png</source>
			<destination>system/workplace/resources/filetypes/bs-blog.png</destination>
			<type>image</type>
			<uuidstructure>b0b47084-4542-11e3-93f3-000c29d28104</uuidstructure>
			<uuidresource>b0b47085-4542-11e3-93f3-000c29d28104</uuidresource>
			<datelastmodified>Tue, 05 Nov 2013 15:16:09 GMT</datelastmodified>
			<userlastmodified>Admin</userlastmodified>
			<datecreated>Mon, 04 Nov 2013 11:17:28 GMT</datecreated>
			<usercreated>Admin</usercreated>
			<flags>0</flags>
			<properties>
				<property type="shared">
					<name>image.size</name>
					<value><![CDATA[w:16,h:16]]></value>
				</property>
			</properties>
			<relations/>
			<accesscontrol/>
		</file>
		<file>
			<source>system/workplace/resources/filetypes/bs-blog_big.png</source>
			<destination>system/workplace/resources/filetypes/bs-blog_big.png</destination>
			<type>image</type>
			<uuidstructure>b0b95288-4542-11e3-93f3-000c29d28104</uuidstructure>
			<uuidresource>b0b95289-4542-11e3-93f3-000c29d28104</uuidresource>
			<datelastmodified>Tue, 05 Nov 2013 15:16:09 GMT</datelastmodified>
			<userlastmodified>Admin</userlastmodified>
			<datecreated>Mon, 04 Nov 2013 11:17:28 GMT</datecreated>
			<usercreated>Admin</usercreated>
			<flags>0</flags>
			<properties>
				<property type="shared">
					<name>image.size</name>
					<value><![CDATA[w:24,h:24]]></value>
				</property>
			</properties>
			<relations/>
			<accesscontrol/>
		</file>
		<file>
			<source>system/workplace/resources/filetypes/bs-carousel.png</source>
			<destination>system/workplace/resources/filetypes/bs-carousel.png</destination>
			<type>image</type>
			<uuidstructure>1ea137c2-3c7c-11e3-a752-000c2943a707</uuidstructure>
			<uuidresource>1ea137c3-3c7c-11e3-a752-000c2943a707</uuidresource>
			<datelastmodified>Tue, 05 Nov 2013 15:16:09 GMT</datelastmodified>
			<userlastmodified>Admin</userlastmodified>
			<datecreated>Thu, 24 Oct 2013 07:15:53 GMT</datecreated>
			<usercreated>Admin</usercreated>
			<flags>0</flags>
			<properties>
				<property type="shared">
					<name>image.size</name>
					<value><![CDATA[w:16,h:16]]></value>
				</property>
			</properties>
			<relations/>
			<accesscontrol/>
		</file>
		<file>
			<source>system/workplace/resources/filetypes/bs-carousel_big.png</source>
			<destination>system/workplace/resources/filetypes/bs-carousel_big.png</destination>
			<type>image</type>
			<uuidstructure>1ea6dd16-3c7c-11e3-a752-000c2943a707</uuidstructure>
			<uuidresource>1ea6dd17-3c7c-11e3-a752-000c2943a707</uuidresource>
			<datelastmodified>Tue, 05 Nov 2013 15:16:09 GMT</datelastmodified>
			<userlastmodified>Admin</userlastmodified>
			<datecreated>Thu, 24 Oct 2013 07:15:53 GMT</datecreated>
			<usercreated>Admin</usercreated>
			<flags>0</flags>
			<properties>
				<property type="shared">
					<name>image.size</name>
					<value><![CDATA[w:24,h:24]]></value>
				</property>
			</properties>
			<relations/>
			<accesscontrol/>
		</file>
		<file>
			<source>system/workplace/resources/filetypes/bs-flexible.png</source>
			<destination>system/workplace/resources/filetypes/bs-flexible.png</destination>
			<type>image</type>
			<uuidstructure>16f41e64-210f-11e3-bb06-000c297c001d</uuidstructure>
			<uuidresource>16f41e65-210f-11e3-bb06-000c297c001d</uuidresource>
			<datelastmodified>Tue, 05 Nov 2013 15:16:09 GMT</datelastmodified>
			<userlastmodified>Admin</userlastmodified>
			<datecreated>Thu, 19 Sep 2013 09:37:24 GMT</datecreated>
			<usercreated>Admin</usercreated>
			<flags>0</flags>
			<properties>
				<property type="shared">
					<name>image.size</name>
					<value><![CDATA[w:16,h:16]]></value>
				</property>
			</properties>
			<relations/>
			<accesscontrol/>
		</file>
		<file>
			<source>system/workplace/resources/filetypes/bs-flexible_big.png</source>
			<destination>system/workplace/resources/filetypes/bs-flexible_big.png</destination>
			<type>image</type>
			<uuidstructure>276c6d67-210f-11e3-bb06-000c297c001d</uuidstructure>
			<uuidresource>276c6d68-210f-11e3-bb06-000c297c001d</uuidresource>
			<datelastmodified>Tue, 05 Nov 2013 15:16:09 GMT</datelastmodified>
			<userlastmodified>Admin</userlastmodified>
			<datecreated>Thu, 19 Sep 2013 09:37:52 GMT</datecreated>
			<usercreated>Admin</usercreated>
			<flags>0</flags>
			<properties>
				<property type="shared">
					<name>image.size</name>
					<value><![CDATA[w:24,h:24]]></value>
				</property>
			</properties>
			<relations/>
			<accesscontrol/>
		</file>
		<file>
			<source>system/workplace/resources/filetypes/bs-imagegalleryshow.png</source>
			<destination>system/workplace/resources/filetypes/bs-imagegalleryshow.png</destination>
			<type>image</type>
			<uuidstructure>d93316d8-3bda-11e3-a1ad-000c2943a707</uuidstructure>
			<uuidresource>d93316d9-3bda-11e3-a1ad-000c2943a707</uuidresource>
			<datelastmodified>Tue, 05 Nov 2013 15:16:09 GMT</datelastmodified>
			<userlastmodified>Admin</userlastmodified>
			<datecreated>Wed, 23 Oct 2013 12:01:28 GMT</datecreated>
			<usercreated>Admin</usercreated>
			<flags>0</flags>
			<properties>
				<property type="shared">
					<name>image.size</name>
					<value><![CDATA[w:16,h:16]]></value>
				</property>
			</properties>
			<relations/>
			<accesscontrol/>
		</file>
		<file>
			<source>system/workplace/resources/filetypes/bs-imagegalleryshow_big.png</source>
			<destination>system/workplace/resources/filetypes/bs-imagegalleryshow_big.png</destination>
			<type>image</type>
			<uuidstructure>d9436a8c-3bda-11e3-a1ad-000c2943a707</uuidstructure>
			<uuidresource>d9436a8d-3bda-11e3-a1ad-000c2943a707</uuidresource>
			<datelastmodified>Tue, 05 Nov 2013 15:16:09 GMT</datelastmodified>
			<userlastmodified>Admin</userlastmodified>
			<datecreated>Wed, 23 Oct 2013 12:01:28 GMT</datecreated>
			<usercreated>Admin</usercreated>
			<flags>0</flags>
			<properties>
				<property type="shared">
					<name>image.size</name>
					<value><![CDATA[w:24,h:24]]></value>
				</property>
			</properties>
			<relations/>
			<accesscontrol/>
		</file>
		<file>
			<source>system/workplace/resources/filetypes/bs-imagerow.png</source>
			<destination>system/workplace/resources/filetypes/bs-imagerow.png</destination>
			<type>image</type>
			<uuidstructure>a2bbd1c5-1ed2-11e3-89be-000c29f9a2ec</uuidstructure>
			<uuidresource>a2bbd1c6-1ed2-11e3-89be-000c29f9a2ec</uuidresource>
			<datelastmodified>Tue, 05 Nov 2013 15:16:09 GMT</datelastmodified>
			<userlastmodified>Admin</userlastmodified>
			<datecreated>Mon, 16 Sep 2013 13:19:37 GMT</datecreated>
			<usercreated>Admin</usercreated>
			<flags>0</flags>
			<properties>
				<property type="shared">
					<name>image.size</name>
					<value><![CDATA[w:16,h:16]]></value>
				</property>
			</properties>
			<relations/>
			<accesscontrol/>
		</file>
		<file>
			<source>system/workplace/resources/filetypes/bs-imagerow_big.png</source>
			<destination>system/workplace/resources/filetypes/bs-imagerow_big.png</destination>
			<type>image</type>
			<uuidstructure>a2d15599-1ed2-11e3-89be-000c29f9a2ec</uuidstructure>
			<uuidresource>a2d1559a-1ed2-11e3-89be-000c29f9a2ec</uuidresource>
			<datelastmodified>Tue, 05 Nov 2013 15:16:09 GMT</datelastmodified>
			<userlastmodified>Admin</userlastmodified>
			<datecreated>Mon, 16 Sep 2013 13:19:37 GMT</datecreated>
			<usercreated>Admin</usercreated>
			<flags>0</flags>
			<properties>
				<property type="shared">
					<name>image.size</name>
					<value><![CDATA[w:24,h:24]]></value>
				</property>
			</properties>
			<relations/>
			<accesscontrol/>
		</file>
		<file>
			<source>system/workplace/resources/filetypes/bs-jumbotron.png</source>
			<destination>system/workplace/resources/filetypes/bs-jumbotron.png</destination>
			<type>image</type>
			<uuidstructure>85286a9a-1c70-11e3-b68b-000c29f9a2ec</uuidstructure>
			<uuidresource>85286a9b-1c70-11e3-b68b-000c29f9a2ec</uuidresource>
			<datelastmodified>Tue, 05 Nov 2013 15:16:10 GMT</datelastmodified>
			<userlastmodified>Admin</userlastmodified>
			<datecreated>Fri, 13 Sep 2013 12:32:14 GMT</datecreated>
			<usercreated>Admin</usercreated>
			<flags>0</flags>
			<properties>
				<property type="shared">
					<name>image.size</name>
					<value><![CDATA[w:16,h:16]]></value>
				</property>
			</properties>
			<relations/>
			<accesscontrol/>
		</file>
		<file>
			<source>system/workplace/resources/filetypes/bs-jumbotron_big.png</source>
			<destination>system/workplace/resources/filetypes/bs-jumbotron_big.png</destination>
			<type>image</type>
			<uuidstructure>855a771e-1c70-11e3-b68b-000c29f9a2ec</uuidstructure>
			<uuidresource>855a771f-1c70-11e3-b68b-000c29f9a2ec</uuidresource>
			<datelastmodified>Tue, 05 Nov 2013 15:16:10 GMT</datelastmodified>
			<userlastmodified>Admin</userlastmodified>
			<datecreated>Fri, 13 Sep 2013 12:32:15 GMT</datecreated>
			<usercreated>Admin</usercreated>
			<flags>0</flags>
			<properties>
				<property type="shared">
					<name>image.size</name>
					<value><![CDATA[w:24,h:24]]></value>
				</property>
			</properties>
			<relations/>
			<accesscontrol/>
		</file>
		<file>
			<source>system/workplace/resources/filetypes/bs-list.png</source>
			<destination>system/workplace/resources/filetypes/bs-list.png</destination>
			<type>image</type>
			<uuidstructure>69e63735-4606-11e3-945d-000c29d28104</uuidstructure>
			<uuidresource>69e63736-4606-11e3-945d-000c29d28104</uuidresource>
			<datelastmodified>Tue, 05 Nov 2013 15:16:10 GMT</datelastmodified>
			<userlastmodified>Admin</userlastmodified>
			<datecreated>Tue, 05 Nov 2013 10:38:31 GMT</datecreated>
			<usercreated>Admin</usercreated>
			<flags>0</flags>
			<properties>
				<property type="shared">
					<name>image.size</name>
					<value><![CDATA[w:16,h:16]]></value>
				</property>
			</properties>
			<relations/>
			<accesscontrol/>
		</file>
		<file>
			<source>system/workplace/resources/filetypes/bs-list_big.png</source>
			<destination>system/workplace/resources/filetypes/bs-list_big.png</destination>
			<type>image</type>
			<uuidstructure>7c22a468-4606-11e3-945d-000c29d28104</uuidstructure>
			<uuidresource>7c22a469-4606-11e3-945d-000c29d28104</uuidresource>
			<datelastmodified>Tue, 05 Nov 2013 15:16:10 GMT</datelastmodified>
			<userlastmodified>Admin</userlastmodified>
			<datecreated>Tue, 05 Nov 2013 10:39:01 GMT</datecreated>
			<usercreated>Admin</usercreated>
			<flags>0</flags>
			<properties>
				<property type="shared">
					<name>image.size</name>
					<value><![CDATA[w:24,h:24]]></value>
				</property>
			</properties>
			<relations/>
			<accesscontrol/>
		</file>
		<file>
			<source>system/workplace/resources/filetypes/bs-navigation.png</source>
			<destination>system/workplace/resources/filetypes/bs-navigation.png</destination>
			<type>image</type>
			<uuidstructure>c334e856-46c6-11e3-8fa9-000c29d28104</uuidstructure>
			<uuidresource>c334e857-46c6-11e3-8fa9-000c29d28104</uuidresource>
			<datelastmodified>Wed, 06 Nov 2013 13:17:18 GMT</datelastmodified>
			<userlastmodified>Admin</userlastmodified>
			<datecreated>Wed, 06 Nov 2013 09:35:24 GMT</datecreated>
			<usercreated>Admin</usercreated>
			<flags>0</flags>
			<properties>
				<property type="shared">
					<name>image.size</name>
					<value><![CDATA[w:16,h:16]]></value>
				</property>
			</properties>
			<relations/>
			<accesscontrol/>
		</file>
		<file>
			<source>system/workplace/resources/filetypes/bs-navigation_big.png</source>
			<destination>system/workplace/resources/filetypes/bs-navigation_big.png</destination>
			<type>image</type>
			<uuidstructure>cb0afb09-46c6-11e3-8fa9-000c29d28104</uuidstructure>
			<uuidresource>cb0afb0a-46c6-11e3-8fa9-000c29d28104</uuidresource>
			<datelastmodified>Wed, 06 Nov 2013 13:17:18 GMT</datelastmodified>
			<userlastmodified>Admin</userlastmodified>
			<datecreated>Wed, 06 Nov 2013 09:35:37 GMT</datecreated>
			<usercreated>Admin</usercreated>
			<flags>0</flags>
			<properties>
				<property type="shared">
					<name>image.size</name>
					<value><![CDATA[w:24,h:24]]></value>
				</property>
			</properties>
			<relations/>
			<accesscontrol/>
		</file>
		<file>
			<source>system/workplace/resources/filetypes/bs-slider.png</source>
			<destination>system/workplace/resources/filetypes/bs-slider.png</destination>
			<type>image</type>
			<uuidstructure>478a9ec9-2203-11e3-a498-000c297c001d</uuidstructure>
			<uuidresource>478a9eca-2203-11e3-a498-000c297c001d</uuidresource>
			<datelastmodified>Tue, 05 Nov 2013 15:16:10 GMT</datelastmodified>
			<userlastmodified>Admin</userlastmodified>
			<datecreated>Fri, 20 Sep 2013 14:45:23 GMT</datecreated>
			<usercreated>Admin</usercreated>
			<flags>0</flags>
			<properties>
				<property type="shared">
					<name>image.size</name>
					<value><![CDATA[w:16,h:16]]></value>
				</property>
			</properties>
			<relations/>
			<accesscontrol/>
		</file>
		<file>
			<source>system/workplace/resources/filetypes/bs-slider_big.png</source>
			<destination>system/workplace/resources/filetypes/bs-slider_big.png</destination>
			<type>image</type>
			<uuidstructure>478fa7dd-2203-11e3-a498-000c297c001d</uuidstructure>
			<uuidresource>478fa7de-2203-11e3-a498-000c297c001d</uuidresource>
			<datelastmodified>Tue, 05 Nov 2013 15:16:10 GMT</datelastmodified>
			<userlastmodified>Admin</userlastmodified>
			<datecreated>Fri, 20 Sep 2013 14:45:23 GMT</datecreated>
			<usercreated>Admin</usercreated>
			<flags>0</flags>
			<properties>
				<property type="shared">
					<name>image.size</name>
					<value><![CDATA[w:24,h:24]]></value>
				</property>
			</properties>
			<relations/>
			<accesscontrol/>
		</file>
		<file>
			<source>system/workplace/resources/filetypes/bs-tabs.png</source>
			<destination>system/workplace/resources/filetypes/bs-tabs.png</destination>
			<type>image</type>
			<uuidstructure>5ddc73ee-1f9a-11e3-8a31-000c29f9a2ec</uuidstructure>
			<uuidresource>5ddc73ef-1f9a-11e3-8a31-000c29f9a2ec</uuidresource>
			<datelastmodified>Tue, 05 Nov 2013 15:16:10 GMT</datelastmodified>
			<userlastmodified>Admin</userlastmodified>
			<datecreated>Tue, 17 Sep 2013 13:09:21 GMT</datecreated>
			<usercreated>Admin</usercreated>
			<flags>0</flags>
			<properties>
				<property type="shared">
					<name>image.size</name>
					<value><![CDATA[w:16,h:16]]></value>
				</property>
			</properties>
			<relations/>
			<accesscontrol/>
		</file>
		<file>
			<source>system/workplace/resources/filetypes/bs-tabs_big.png</source>
			<destination>system/workplace/resources/filetypes/bs-tabs_big.png</destination>
			<type>image</type>
			<uuidstructure>5df6b2b2-1f9a-11e3-8a31-000c29f9a2ec</uuidstructure>
			<uuidresource>5df6b2b3-1f9a-11e3-8a31-000c29f9a2ec</uuidresource>
			<datelastmodified>Tue, 05 Nov 2013 15:16:10 GMT</datelastmodified>
			<userlastmodified>Admin</userlastmodified>
			<datecreated>Tue, 17 Sep 2013 13:09:21 GMT</datecreated>
			<usercreated>Admin</usercreated>
			<flags>0</flags>
			<properties>
				<property type="shared">
					<name>image.size</name>
					<value><![CDATA[w:24,h:24]]></value>
				</property>
			</properties>
			<relations/>
			<accesscontrol/>
		</file>
		<file>
			<source>system/workplace/resources/filetypes/bs-teaserrow.png</source>
			<destination>system/workplace/resources/filetypes/bs-teaserrow.png</destination>
			<type>image</type>
			<uuidstructure>1eac344a-3c7c-11e3-a752-000c2943a707</uuidstructure>
			<uuidresource>1eac344b-3c7c-11e3-a752-000c2943a707</uuidresource>
			<datelastmodified>Tue, 05 Nov 2013 15:16:10 GMT</datelastmodified>
			<userlastmodified>Admin</userlastmodified>
			<datecreated>Thu, 24 Oct 2013 07:15:53 GMT</datecreated>
			<usercreated>Admin</usercreated>
			<flags>0</flags>
			<properties>
				<property type="shared">
					<name>image.size</name>
					<value><![CDATA[w:16,h:16]]></value>
				</property>
			</properties>
			<relations/>
			<accesscontrol/>
		</file>
		<file>
			<source>system/workplace/resources/filetypes/bs-teaserrow_big.png</source>
			<destination>system/workplace/resources/filetypes/bs-teaserrow_big.png</destination>
			<type>image</type>
			<uuidstructure>1eb1646e-3c7c-11e3-a752-000c2943a707</uuidstructure>
			<uuidresource>1eb1646f-3c7c-11e3-a752-000c2943a707</uuidresource>
			<datelastmodified>Tue, 05 Nov 2013 15:16:10 GMT</datelastmodified>
			<userlastmodified>Admin</userlastmodified>
			<datecreated>Thu, 24 Oct 2013 07:15:53 GMT</datecreated>
			<usercreated>Admin</usercreated>
			<flags>0</flags>
			<properties>
				<property type="shared">
					<name>image.size</name>
					<value><![CDATA[w:24,h:24]]></value>
				</property>
			</properties>
			<relations/>
			<accesscontrol/>
		</file>
		<file>
			<source>system/workplace/resources/filetypes/bs-textblock.png</source>
			<destination>system/workplace/resources/filetypes/bs-textblock.png</destination>
			<type>image</type>
			<uuidstructure>85641412-1c70-11e3-b68b-000c29f9a2ec</uuidstructure>
			<uuidresource>85641413-1c70-11e3-b68b-000c29f9a2ec</uuidresource>
			<datelastmodified>Tue, 05 Nov 2013 15:16:10 GMT</datelastmodified>
			<userlastmodified>Admin</userlastmodified>
			<datecreated>Fri, 13 Sep 2013 12:32:15 GMT</datecreated>
			<usercreated>Admin</usercreated>
			<flags>0</flags>
			<properties>
				<property type="shared">
					<name>image.size</name>
					<value><![CDATA[w:16,h:16]]></value>
				</property>
			</properties>
			<relations/>
			<accesscontrol/>
		</file>
		<file>
			<source>system/workplace/resources/filetypes/bs-textblock_big.png</source>
			<destination>system/workplace/resources/filetypes/bs-textblock_big.png</destination>
			<type>image</type>
			<uuidstructure>856d89f6-1c70-11e3-b68b-000c29f9a2ec</uuidstructure>
			<uuidresource>856d89f7-1c70-11e3-b68b-000c29f9a2ec</uuidresource>
			<datelastmodified>Tue, 05 Nov 2013 15:16:10 GMT</datelastmodified>
			<userlastmodified>Admin</userlastmodified>
			<datecreated>Fri, 13 Sep 2013 12:32:15 GMT</datecreated>
			<usercreated>Admin</usercreated>
			<flags>0</flags>
			<properties>
				<property type="shared">
					<name>image.size</name>
					<value><![CDATA[w:24,h:24]]></value>
				</property>
			</properties>
			<relations/>
			<accesscontrol/>
		</file>
	</files>
</export>
