<?xml version="1.0" encoding="UTF-8"?>

<BootstrapLists xmlns:xsi="http://www.w3.org/2001/XMLSchema-instance" xsi:noNamespaceSchemaLocation="opencms://system/modules/com.alkacon.bootstrap.schemas/schemas/list.xsd">
  <BootstrapList language="en">
    <Title><![CDATA[Blog about OpenCms]]></Title>
    <FilterQueries/>
    <SortOrder><![CDATA[desc]]></SortOrder>
    <RowCount><![CDATA[10]]></RowCount>
    <CreatePath><![CDATA[/sites/default/demo/.content/blogentries/be_%(number:5).xml]]></CreatePath>
    <Link>
      <Text><![CDATA[Show list ...]]></Text>
      <URI>
        <link internal="true" type="WEAK">
          <target><![CDATA[/sites/default/demo/blog-entries/]]></target>
          <uuid>d393c05c-455c-11e3-8774-000c29d28104</uuid>
        </link>
      </URI>
    </Link>
  </BootstrapList>
</BootstrapLists>
