<?xml version="1.0" encoding="UTF-8"?>

<BootstrapImagerows xmlns:xsi="http://www.w3.org/2001/XMLSchema-instance" xsi:noNamespaceSchemaLocation="opencms://system/modules/com.alkacon.bootstrap.schemas/schemas/imagerow.xsd">
  <BootstrapImagerow language="en">
    <Title><![CDATA[Image row with 4 items]]></Title>
    <Item>
      <Headline><![CDATA[Airplanes]]></Headline>
      <Text><![CDATA[Fusce dapibus, tellus ac cursus commodo, tortor mauris condimentum nibh, ut fermentum massa justo sit amet risus.]]></Text>
      <Image>
        <link type="WEAK">
          <target><![CDATA[/sites/default/.galleries/samples/09.jpg]]></target>
          <uuid>c56a66cc-4705-11e3-8417-000c29d28104</uuid>
        </link>
      </Image>
      <Link>
        <link internal="true" type="WEAK">
          <target><![CDATA[/sites/default/demo/image-row/]]></target>
          <uuid>a7165995-21d4-11e3-b95f-000c29d28104</uuid>
        </link>
      </Link>
    </Item>
    <Item>
      <Headline><![CDATA[Egg holders]]></Headline>
      <Text><![CDATA[At vero eos et accusamus et iusto odio dignissimos ducimus qui blanditiis praesentium voluptatum deleniti atque corrupti quos dolores et.]]></Text>
      <Image>
        <link type="WEAK">
          <target><![CDATA[/sites/default/.galleries/samples/10.jpg]]></target>
          <uuid>c64906ff-4705-11e3-8417-000c29d28104</uuid>
        </link>
      </Image>
      <Link>
        <link internal="true" type="WEAK">
          <target><![CDATA[/sites/default/demo/image-row/]]></target>
          <uuid>a7165995-21d4-11e3-b95f-000c29d28104</uuid>
        </link>
      </Link>
    </Item>
    <Item>
      <Headline><![CDATA[Propeller]]></Headline>
      <Text><![CDATA[Nemo enim ipsam voluptatem quia voluptas sit aspernatur aut odit aut fugit, sed quia consequuntur magni dolores eos qui ratione voluptatem sequi nesciunt.]]></Text>
      <Image>
        <link type="WEAK">
          <target><![CDATA[/sites/default/.galleries/samples/11.jpg]]></target>
          <uuid>c6d9d552-4705-11e3-8417-000c29d28104</uuid>
        </link>
      </Image>
      <Link>
        <link internal="true" type="WEAK">
          <target><![CDATA[/sites/default/demo/image-row/]]></target>
          <uuid>a7165995-21d4-11e3-b95f-000c29d28104</uuid>
        </link>
      </Link>
    </Item>
    <Item>
      <Headline><![CDATA[Lens]]></Headline>
      <Text><![CDATA[Itaque earum rerum hic tenetur a sapiente delectus, ut aut reiciendis voluptatibus maiores alias consequatur aut repellat.]]></Text>
      <Image>
        <link type="WEAK">
          <target><![CDATA[/sites/default/.galleries/samples/33.jpg]]></target>
          <uuid>b623844f-4785-11e3-ba23-000c29d28104</uuid>
        </link>
      </Image>
      <Link>
        <link internal="true" type="WEAK">
          <target><![CDATA[/sites/default/demo/image-row/]]></target>
          <uuid>a7165995-21d4-11e3-b95f-000c29d28104</uuid>
        </link>
      </Link>
    </Item>
  </BootstrapImagerow>
</BootstrapImagerows>
