<?xml version="1.0" encoding="UTF-8"?>

<BootstrapImagerows xmlns:xsi="http://www.w3.org/2001/XMLSchema-instance" xsi:noNamespaceSchemaLocation="opencms://system/modules/com.alkacon.bootstrap.schemas/schemas/imagerow.xsd">
  <BootstrapImagerow language="en">
    <Title><![CDATA[So easy to use - Your content managers will love it!]]></Title>
    <Item>
      <Headline><![CDATA[Intuitive]]></Headline>
      <Text><![CDATA[Lorem ipsum dolor sit amet, consectetuer adipiscing elit, sed diam nonummy nibh euismod tincidunt ut laoreet dolore magna aliquam erat volutpat.]]></Text>
      <Image>
        <link type="WEAK">
          <target><![CDATA[/sites/default/.galleries/people/01.jpg]]></target>
          <uuid>b13e3759-4705-11e3-8417-000c29d28104</uuid>
        </link>
      </Image>
    </Item>
    <Item>
      <Headline><![CDATA[Simple]]></Headline>
      <Text><![CDATA[Lorem ipsum dolor sit amet, consetetur sadipscing elitr, at accusam aliquyam diam diam dolore dolores duo eirmod eos erat, et nonumy sed tempor et et invidunt justo labore Stet clita ea et gubergren, kasd magna no rebum. 
]]></Text>
      <Image>
        <link type="WEAK">
          <target><![CDATA[/sites/default/.galleries/people/07.jpg]]></target>
          <uuid>b509492b-4705-11e3-8417-000c29d28104</uuid>
        </link>
      </Image>
    </Item>
    <Item>
      <Headline><![CDATA[Fun]]></Headline>
      <Text><![CDATA[Stet clita kasd gubergren, no sea takimata sanctus est Lorem ipsum dolor sit amet. Lorem ipsum dolor sit amet, consetetur sadipscing elitr, sed diam nonumy eirmod tempor invidunt ut labore et dolore magna aliquyam erat, sed diam voluptua.]]></Text>
      <Image>
        <link type="WEAK">
          <target><![CDATA[/sites/default/.galleries/people/04.jpg]]></target>
          <uuid>b34d8f62-4705-11e3-8417-000c29d28104</uuid>
        </link>
      </Image>
    </Item>
    <Item>
      <Headline><![CDATA[Powerful]]></Headline>
      <Text><![CDATA[At vero eos et accusam et justo duo dolores et ea rebum. Stet clita kasd gubergren, no sea takimata sanctus est Lorem ipsum dolor sit amet.]]></Text>
      <Image>
        <link type="WEAK">
          <target><![CDATA[/sites/default/.galleries/people/12.jpg]]></target>
          <uuid>af827d93-4705-11e3-8417-000c29d28104</uuid>
        </link>
      </Image>
    </Item>
  </BootstrapImagerow>
</BootstrapImagerows>
