<?xml version="1.0" encoding="UTF-8"?>

<BootstrapImagerows xmlns:xsi="http://www.w3.org/2001/XMLSchema-instance" xsi:noNamespaceSchemaLocation="opencms://system/modules/com.alkacon.bootstrap.schemas/schemas/imagerow.xsd">
  <BootstrapImagerow language="en">
    <Title><![CDATA[Full control over the created HTML]]></Title>
    <Item>
      <Headline><![CDATA[Turbine]]></Headline>
      <Text><![CDATA[Lorem ipsum dolor sit amet, consetetur sadipscing elitr, sed diam nonumy eirmod tempor invidunt ut labore et dolore magna aliquyam erat, sed diam voluptua.]]></Text>
      <Image>
        <link type="WEAK">
          <target><![CDATA[/sites/default/.galleries/samples/01.jpg]]></target>
          <uuid>c05c4da4-4705-11e3-8417-000c29d28104</uuid>
        </link>
      </Image>
    </Item>
    <Item>
      <Headline><![CDATA[Looking Glass]]></Headline>
      <Text><![CDATA[Ut wisi enim ad minim veniam, quis nostrud exerci tation ullamcorper suscipit lobortis nisl ut aliquip ex ea commodo consequat.]]></Text>
      <Image>
        <link type="WEAK">
          <target><![CDATA[/sites/default/.galleries/samples/12.jpg]]></target>
          <uuid>c76d14a5-4705-11e3-8417-000c29d28104</uuid>
        </link>
      </Image>
    </Item>
    <Item>
      <Headline><![CDATA[Architecture]]></Headline>
      <Text><![CDATA[Nam liber tempor cum soluta nobis eleifend option congue nihil imperdiet doming id quod mazim placerat facer possim assum.]]></Text>
      <Image>
        <link type="WEAK">
          <target><![CDATA[/sites/default/.galleries/samples/05.jpg]]></target>
          <uuid>c2581db0-4705-11e3-8417-000c29d28104</uuid>
        </link>
      </Image>
    </Item>
  </BootstrapImagerow>
</BootstrapImagerows>
