<?xml version="1.0" encoding="UTF-8"?>

<export>
  <info>
    <creator>Admin</creator>
    <opencms_version>9.0.0</opencms_version>
    <createdate>Tue, 19 Apr 2011 10:43:30 GMT</createdate>
    <infoproject>Offline</infoproject>
    <export_version>7</export_version>
  </info>
  <module>
    <name>org.opencms.ade.editprovider</name>
    <nicename><![CDATA[OpenCms 9 ADE toolbar direct edit provider]]></nicename>
    <group>OpenCms ADE</group>
    <class/>
    <description><![CDATA[This module contains an edit provider for the original Direct Edit which has a number of features from ADE.<br>
<i>(c) 2013 by Alkacon Software GmbH (http://www.alkacon.com).</i>]]></description>
    <version>9.0.0</version>
    <authorname><![CDATA[Alkacon Software GmbH]]></authorname>
    <authoremail><![CDATA[info@alkacon.com]]></authoremail>
    <datecreated/>
    <userinstalled/>
    <dateinstalled/>
    <dependencies>
      <dependency name="org.opencms.ade.config" version="9.0.0"/>
    </dependencies>
    <exportpoints>
      <exportpoint uri="/system/modules/org.opencms.ade.editprovider/resources/" destination="resources/ade/"/>
    </exportpoints>
    <resources>
      <resource uri="/system/modules/org.opencms.ade.editprovider/"/>
    </resources>
  </module>
  <files>
    <file>
      <destination>system</destination>
      <type>folder</type>
      <uuidstructure>f94b2b67-6a6c-11e0-99c4-b5cb1f655547</uuidstructure>
      <datelastmodified>Tue, 19 Apr 2011 10:08:29 GMT</datelastmodified>
      <userlastmodified>Admin</userlastmodified>
      <datecreated>Tue, 19 Apr 2011 10:08:29 GMT</datecreated>
      <usercreated>Admin</usercreated>
      <flags>0</flags>
      <properties/>
      <relations/>
      <accesscontrol>
        <accessentry>
          <uuidprincipal>ROLE.WORKPLACE_USER</uuidprincipal>
          <flags>514</flags>
          <permissionset>
            <allowed>1</allowed>
            <denied>0</denied>
          </permissionset>
        </accessentry>
      </accesscontrol>
    </file>
    <file>
      <destination>system/modules</destination>
      <type>folder</type>
      <uuidstructure>f9f48a03-6a6c-11e0-99c4-b5cb1f655547</uuidstructure>
      <datelastmodified>Tue, 19 Apr 2011 10:08:30 GMT</datelastmodified>
      <userlastmodified>Admin</userlastmodified>
      <datecreated>Tue, 19 Apr 2011 10:08:30 GMT</datecreated>
      <usercreated>Admin</usercreated>
      <flags>0</flags>
      <properties/>
      <relations/>
      <accesscontrol>
        <accessentry>
          <uuidprincipal>ROLE.WORKPLACE_USER</uuidprincipal>
          <flags>514</flags>
          <permissionset>
            <allowed>5</allowed>
            <denied>0</denied>
          </permissionset>
        </accessentry>
      </accesscontrol>
    </file>
    <file>
      <destination>system/modules/org.opencms.ade.editprovider</destination>
      <type>folder</type>
      <uuidstructure>c8b775b3-6a71-11e0-96bd-b5cb1f655547</uuidstructure>
      <datelastmodified>Tue, 19 Apr 2011 10:42:55 GMT</datelastmodified>
      <userlastmodified>Admin</userlastmodified>
      <datecreated>Tue, 19 Apr 2011 10:42:55 GMT</datecreated>
      <usercreated>Admin</usercreated>
      <flags>0</flags>
      <properties/>
      <relations/>
      <accesscontrol/>
    </file>
    <file>
      <destination>system/modules/org.opencms.ade.editprovider/elements</destination>
      <type>folder</type>
      <uuidstructure>c8b9bfa5-6a71-11e0-96bd-b5cb1f655547</uuidstructure>
      <datelastmodified>Tue, 19 Apr 2011 10:42:55 GMT</datelastmodified>
      <userlastmodified>Admin</userlastmodified>
      <datecreated>Tue, 19 Apr 2011 10:42:55 GMT</datecreated>
      <usercreated>Admin</usercreated>
      <flags>0</flags>
      <properties/>
      <relations/>
      <accesscontrol/>
    </file>
    <file>
      <source>system/modules/org.opencms.ade.editprovider/resources/</source>
      <destination>system/modules/org.opencms.ade.editprovider/resources/</destination>
      <type>folder</type>
      <uuidstructure>164a894d-910f-4489-b782-15fdad5e153f</uuidstructure>
      <datelastmodified>Tue, 19 Apr 2011 12:18:46 GMT</datelastmodified>
      <userlastmodified>Admin</userlastmodified>
      <datecreated>Tue, 19 Apr 2011 12:18:46 GMT</datecreated>
      <usercreated>Admin</usercreated>
      <flags>0</flags>
      <properties/>
      <relations/>
      <accesscontrol/>
    </file>
    <file>
      <destination>system/modules/org.opencms.ade.editprovider/resources/editprovider</destination>
      <type>folder</type>
      <uuidstructure>04d7e261-71ae-11e0-883b-cd21a79dc8d2</uuidstructure>
      <datelastmodified>Thu, 28 Apr 2011 15:41:44 GMT</datelastmodified>
      <userlastmodified>Admin</userlastmodified>
      <datecreated>Thu, 28 Apr 2011 15:41:44 GMT</datecreated>
      <usercreated>Admin</usercreated>
      <flags>0</flags>
      <properties/>
      <relations/>
      <accesscontrol/>
    </file>
    <file>
      <source>system/modules/org.opencms.ade.editprovider/resources/editprovider/08B1F94C250535293A8DF671046C8FEF.cache.html</source>
      <destination>system/modules/org.opencms.ade.editprovider/resources/editprovider/08B1F94C250535293A8DF671046C8FEF.cache.html</destination>
      <type>plain</type>
      <uuidstructure>1d6501ac-48a1-11e3-9728-b3eb2058dd1b</uuidstructure>
      <uuidresource>1d6528bd-48a1-11e3-9728-b3eb2058dd1b</uuidresource>
      <datelastmodified>Fri, 08 Nov 2013 18:10:57 GMT</datelastmodified>
      <userlastmodified>Admin</userlastmodified>
      <datecreated>Fri, 08 Nov 2013 18:10:57 GMT</datecreated>
      <usercreated>Admin</usercreated>
      <flags>0</flags>
      <properties/>
      <relations/>
      <accesscontrol/>
    </file>
    <file>
      <source>system/modules/org.opencms.ade.editprovider/resources/editprovider/E0534362E18A03CCE215C398EAD0ECE3.gwt.rpc</source>
      <destination>system/modules/org.opencms.ade.editprovider/resources/editprovider/E0534362E18A03CCE215C398EAD0ECE3.gwt.rpc</destination>
      <type>plain</type>
      <uuidstructure>1d66d66e-48a1-11e3-9728-b3eb2058dd1b</uuidstructure>
      <uuidresource>1d66fd7f-48a1-11e3-9728-b3eb2058dd1b</uuidresource>
      <datelastmodified>Fri, 08 Nov 2013 18:10:57 GMT</datelastmodified>
      <userlastmodified>Admin</userlastmodified>
      <datecreated>Fri, 08 Nov 2013 18:10:57 GMT</datecreated>
      <usercreated>Admin</usercreated>
      <flags>0</flags>
      <properties/>
      <relations/>
      <accesscontrol/>
    </file>
    <file>
      <source>system/modules/org.opencms.ade.editprovider/resources/editprovider/7545CE321436F3EA9928049C06BD30F9.gwt.rpc</source>
      <destination>system/modules/org.opencms.ade.editprovider/resources/editprovider/7545CE321436F3EA9928049C06BD30F9.gwt.rpc</destination>
      <type>plain</type>
      <uuidstructure>1d68ab30-48a1-11e3-9728-b3eb2058dd1b</uuidstructure>
      <uuidresource>1d68d241-48a1-11e3-9728-b3eb2058dd1b</uuidresource>
      <datelastmodified>Fri, 08 Nov 2013 18:10:57 GMT</datelastmodified>
      <userlastmodified>Admin</userlastmodified>
      <datecreated>Fri, 08 Nov 2013 18:10:57 GMT</datecreated>
      <usercreated>Admin</usercreated>
      <flags>0</flags>
      <properties/>
      <relations/>
      <accesscontrol/>
    </file>
    <file>
      <source>system/modules/org.opencms.ade.editprovider/resources/editprovider/E017F7CDF4D53385E540C30EB49F2A69.cache.html</source>
      <destination>system/modules/org.opencms.ade.editprovider/resources/editprovider/E017F7CDF4D53385E540C30EB49F2A69.cache.html</destination>
      <type>plain</type>
      <uuidstructure>1d6aa702-48a1-11e3-9728-b3eb2058dd1b</uuidstructure>
      <uuidresource>1d6ace13-48a1-11e3-9728-b3eb2058dd1b</uuidresource>
      <datelastmodified>Fri, 08 Nov 2013 18:10:57 GMT</datelastmodified>
      <userlastmodified>Admin</userlastmodified>
      <datecreated>Fri, 08 Nov 2013 18:10:57 GMT</datecreated>
      <usercreated>Admin</usercreated>
      <flags>0</flags>
      <properties/>
      <relations/>
      <accesscontrol/>
    </file>
    <file>
      <source>system/modules/org.opencms.ade.editprovider/resources/editprovider/90654B6669DFD5D3FBC118CEF742DAC3.cache.html</source>
      <destination>system/modules/org.opencms.ade.editprovider/resources/editprovider/90654B6669DFD5D3FBC118CEF742DAC3.cache.html</destination>
      <type>plain</type>
      <uuidstructure>1d6c7bc4-48a1-11e3-9728-b3eb2058dd1b</uuidstructure>
      <uuidresource>1d6c7bc5-48a1-11e3-9728-b3eb2058dd1b</uuidresource>
      <datelastmodified>Fri, 08 Nov 2013 18:10:57 GMT</datelastmodified>
      <userlastmodified>Admin</userlastmodified>
      <datecreated>Fri, 08 Nov 2013 18:10:57 GMT</datecreated>
      <usercreated>Admin</usercreated>
      <flags>0</flags>
      <properties/>
      <relations/>
      <accesscontrol/>
    </file>
    <file>
      <source>system/modules/org.opencms.ade.editprovider/resources/editprovider/5A8F37E5D3C15703A7340FB2CAFD61FD.cache.html</source>
      <destination>system/modules/org.opencms.ade.editprovider/resources/editprovider/5A8F37E5D3C15703A7340FB2CAFD61FD.cache.html</destination>
      <type>plain</type>
      <uuidstructure>1d6e0266-48a1-11e3-9728-b3eb2058dd1b</uuidstructure>
      <uuidresource>1d6e2977-48a1-11e3-9728-b3eb2058dd1b</uuidresource>
      <datelastmodified>Fri, 08 Nov 2013 18:10:57 GMT</datelastmodified>
      <userlastmodified>Admin</userlastmodified>
      <datecreated>Fri, 08 Nov 2013 18:10:57 GMT</datecreated>
      <usercreated>Admin</usercreated>
      <flags>0</flags>
      <properties/>
      <relations/>
      <accesscontrol/>
    </file>
    <file>
      <source>system/modules/org.opencms.ade.editprovider/resources/editprovider/CB9FF477760D25C8F384C9D41DE7F749.cache.html</source>
      <destination>system/modules/org.opencms.ade.editprovider/resources/editprovider/CB9FF477760D25C8F384C9D41DE7F749.cache.html</destination>
      <type>plain</type>
      <uuidstructure>1d6fb018-48a1-11e3-9728-b3eb2058dd1b</uuidstructure>
      <uuidresource>1d6fd729-48a1-11e3-9728-b3eb2058dd1b</uuidresource>
      <datelastmodified>Fri, 08 Nov 2013 18:10:57 GMT</datelastmodified>
      <userlastmodified>Admin</userlastmodified>
      <datecreated>Fri, 08 Nov 2013 18:10:57 GMT</datecreated>
      <usercreated>Admin</usercreated>
      <flags>0</flags>
      <properties/>
      <relations/>
      <accesscontrol/>
    </file>
    <file>
      <source>system/modules/org.opencms.ade.editprovider/resources/editprovider/hosted.html</source>
      <destination>system/modules/org.opencms.ade.editprovider/resources/editprovider/hosted.html</destination>
      <type>plain</type>
      <uuidstructure>1d7184da-48a1-11e3-9728-b3eb2058dd1b</uuidstructure>
      <uuidresource>1d71abeb-48a1-11e3-9728-b3eb2058dd1b</uuidresource>
      <datelastmodified>Fri, 08 Nov 2013 18:10:57 GMT</datelastmodified>
      <userlastmodified>Admin</userlastmodified>
      <datecreated>Fri, 08 Nov 2013 18:10:57 GMT</datecreated>
      <usercreated>Admin</usercreated>
      <flags>0</flags>
      <properties/>
      <relations/>
      <accesscontrol/>
    </file>
    <file>
      <source>system/modules/org.opencms.ade.editprovider/resources/editprovider/editprovider.nocache.js</source>
      <destination>system/modules/org.opencms.ade.editprovider/resources/editprovider/editprovider.nocache.js</destination>
      <type>plain</type>
      <uuidstructure>1d73599c-48a1-11e3-9728-b3eb2058dd1b</uuidstructure>
      <uuidresource>1d7380ad-48a1-11e3-9728-b3eb2058dd1b</uuidresource>
      <datelastmodified>Fri, 08 Nov 2013 18:10:57 GMT</datelastmodified>
      <userlastmodified>Admin</userlastmodified>
      <datecreated>Fri, 08 Nov 2013 18:10:57 GMT</datecreated>
      <usercreated>Admin</usercreated>
      <flags>0</flags>
      <properties/>
      <relations/>
      <accesscontrol/>
    </file>
    <file>
      <source>system/modules/org.opencms.ade.editprovider/resources/editprovider/1D80D522EE8BB5DC670B4D53B21B6A50.gwt.rpc</source>
      <destination>system/modules/org.opencms.ade.editprovider/resources/editprovider/1D80D522EE8BB5DC670B4D53B21B6A50.gwt.rpc</destination>
      <type>plain</type>
      <uuidstructure>1d75556e-48a1-11e3-9728-b3eb2058dd1b</uuidstructure>
      <uuidresource>1d757c7f-48a1-11e3-9728-b3eb2058dd1b</uuidresource>
      <datelastmodified>Fri, 08 Nov 2013 18:10:57 GMT</datelastmodified>
      <userlastmodified>Admin</userlastmodified>
      <datecreated>Fri, 08 Nov 2013 18:10:57 GMT</datecreated>
      <usercreated>Admin</usercreated>
      <flags>0</flags>
      <properties/>
      <relations/>
      <accesscontrol/>
    </file>
    <file>
      <source>system/modules/org.opencms.ade.editprovider/resources/editprovider/clear.cache.gif</source>
      <destination>system/modules/org.opencms.ade.editprovider/resources/editprovider/clear.cache.gif</destination>
      <type>image</type>
      <uuidstructure>1d779f60-48a1-11e3-9728-b3eb2058dd1b</uuidstructure>
      <uuidresource>1d77ed81-48a1-11e3-9728-b3eb2058dd1b</uuidresource>
      <datelastmodified>Fri, 08 Nov 2013 18:10:57 GMT</datelastmodified>
      <userlastmodified>Admin</userlastmodified>
      <datecreated>Fri, 08 Nov 2013 18:10:57 GMT</datecreated>
      <usercreated>Admin</usercreated>
      <flags>0</flags>
      <properties/>
      <relations/>
      <accesscontrol/>
    </file>
    <file>
      <source>system/modules/org.opencms.ade.editprovider/resources/editprovider/614A8351A28C0A4378525F849533D3FF.gwt.rpc</source>
      <destination>system/modules/org.opencms.ade.editprovider/resources/editprovider/614A8351A28C0A4378525F849533D3FF.gwt.rpc</destination>
      <type>plain</type>
      <uuidstructure>1d7a3772-48a1-11e3-9728-b3eb2058dd1b</uuidstructure>
      <uuidresource>1d7a5e83-48a1-11e3-9728-b3eb2058dd1b</uuidresource>
      <datelastmodified>Fri, 08 Nov 2013 18:10:57 GMT</datelastmodified>
      <userlastmodified>Admin</userlastmodified>
      <datecreated>Fri, 08 Nov 2013 18:10:57 GMT</datecreated>
      <usercreated>Admin</usercreated>
      <flags>0</flags>
      <properties/>
      <relations/>
      <accesscontrol/>
    </file>
    <file>
      <source>system/modules/org.opencms.ade.editprovider/resources/editprovider/304089F9B718E52EA46FCE3AA7A43056.gwt.rpc</source>
      <destination>system/modules/org.opencms.ade.editprovider/resources/editprovider/304089F9B718E52EA46FCE3AA7A43056.gwt.rpc</destination>
      <type>plain</type>
      <uuidstructure>1d7c3344-48a1-11e3-9728-b3eb2058dd1b</uuidstructure>
      <uuidresource>1d7c8165-48a1-11e3-9728-b3eb2058dd1b</uuidresource>
      <datelastmodified>Fri, 08 Nov 2013 18:10:57 GMT</datelastmodified>
      <userlastmodified>Admin</userlastmodified>
      <datecreated>Fri, 08 Nov 2013 18:10:57 GMT</datecreated>
      <usercreated>Admin</usercreated>
      <flags>0</flags>
      <properties/>
      <relations/>
      <accesscontrol/>
    </file>
  </files>
</export>
