<?xml version="1.0" encoding="UTF-8"?>

<export>
  <info>
    <creator>Admin</creator>
    <opencms_version>9.0.0</opencms_version>
    <createdate>Fri, 02 Nov 2012 11:33:14 GMT</createdate>
    <infoproject>Offline</infoproject>
    <export_version>7</export_version>
  </info>
  <module>
    <name>org.opencms.ade.properties</name>
    <nicename><![CDATA[ADE Property dialog]]></nicename>
    <group>OpenCms ADE</group>
    <class/>
    <description><![CDATA[This module provides the properties dialog for the workplace.<br>
<i>(c) 2013 by Alkacon Software GmbH (http://www.alkacon.com).</i>]]></description>
    <version>9.0.0</version>
    <authorname><![CDATA[Alkacon Software GmbH]]></authorname>
    <authoremail><![CDATA[sales@alkacon.com]]></authoremail>
    <datecreated/>
    <userinstalled/>
    <dateinstalled/>
    <dependencies>
      <dependency name="org.opencms.ade.config" version="9.0.0"/>
    </dependencies>
    <exportpoints>
      <exportpoint uri="/system/modules/org.opencms.ade.properties/resources/" destination="resources/ade/"/>
    </exportpoints>
    <resources>
      <resource uri="/system/modules/org.opencms.ade.properties/"/>
    </resources>
  </module>
  <files>
    <file>
      <destination>system</destination>
      <type>folder</type>
      <uuidstructure>834752a9-1dbd-11e2-9701-59be2b399239</uuidstructure>
      <datelastmodified>Wed, 24 Oct 2012 09:30:56 GMT</datelastmodified>
      <userlastmodified>Admin</userlastmodified>
      <datecreated>Wed, 24 Oct 2012 09:30:56 GMT</datecreated>
      <usercreated>Admin</usercreated>
      <flags>0</flags>
      <properties/>
      <relations/>
      <accesscontrol>
        <accessentry>
          <uuidprincipal>ROLE.WORKPLACE_USER</uuidprincipal>
          <flags>514</flags>
          <permissionset>
            <allowed>1</allowed>
            <denied>0</denied>
          </permissionset>
        </accessentry>
      </accesscontrol>
    </file>
    <file>
      <destination>system/modules</destination>
      <type>folder</type>
      <uuidstructure>872e5115-1dbd-11e2-9701-59be2b399239</uuidstructure>
      <datelastmodified>Wed, 24 Oct 2012 09:31:02 GMT</datelastmodified>
      <userlastmodified>Admin</userlastmodified>
      <datecreated>Wed, 24 Oct 2012 09:31:02 GMT</datecreated>
      <usercreated>Admin</usercreated>
      <flags>0</flags>
      <properties/>
      <relations/>
      <accesscontrol>
        <accessentry>
          <uuidprincipal>ROLE.WORKPLACE_USER</uuidprincipal>
          <flags>514</flags>
          <permissionset>
            <allowed>5</allowed>
            <denied>0</denied>
          </permissionset>
        </accessentry>
      </accesscontrol>
    </file>
    <file>
      <destination>system/modules/org.opencms.ade.properties</destination>
      <type>folder</type>
      <uuidstructure>88327b4d-24e0-11e2-8f24-59be2b399239</uuidstructure>
      <datelastmodified>Fri, 02 Nov 2012 11:29:15 GMT</datelastmodified>
      <userlastmodified>Admin</userlastmodified>
      <datecreated>Fri, 02 Nov 2012 11:29:15 GMT</datecreated>
      <usercreated>Admin</usercreated>
      <flags>0</flags>
      <properties/>
      <relations/>
      <accesscontrol/>
    </file>
    <file>
      <destination>system/modules/org.opencms.ade.properties/pages</destination>
      <type>folder</type>
      <uuidstructure>8853e5ff-24e0-11e2-8f24-59be2b399239</uuidstructure>
      <datelastmodified>Fri, 02 Nov 2012 11:29:15 GMT</datelastmodified>
      <userlastmodified>Admin</userlastmodified>
      <datecreated>Fri, 02 Nov 2012 11:29:15 GMT</datecreated>
      <usercreated>Admin</usercreated>
      <flags>0</flags>
      <properties/>
      <relations/>
      <accesscontrol/>
    </file>
    <file>
      <source>system/modules/org.opencms.ade.properties/pages/properties.jsp</source>
      <destination>system/modules/org.opencms.ade.properties/pages/properties.jsp</destination>
      <type>jsp</type>
      <uuidstructure>dd359570-c6cd-4493-8921-158890608979</uuidstructure>
      <uuidresource>c71d3a56-233e-4bd0-9016-78299aa1181e</uuidresource>
      <datelastmodified>Fri, 02 Nov 2012 11:48:07 GMT</datelastmodified>
      <userlastmodified>Admin</userlastmodified>
      <datecreated>Fri, 02 Nov 2012 11:48:07 GMT</datecreated>
      <usercreated>Admin</usercreated>
      <flags>0</flags>
      <properties/>
      <relations/>
      <accesscontrol/>
    </file>
    <file>
      <destination>system/modules/org.opencms.ade.properties/resources</destination>
      <type>folder</type>
      <uuidstructure>db779ed6-24e0-11e2-8f24-59be2b399239</uuidstructure>
      <datelastmodified>Fri, 02 Nov 2012 11:31:34 GMT</datelastmodified>
      <userlastmodified>Admin</userlastmodified>
      <datecreated>Fri, 02 Nov 2012 11:31:34 GMT</datecreated>
      <usercreated>Admin</usercreated>
      <flags>0</flags>
      <properties/>
      <relations/>
      <accesscontrol/>
    </file>
    <file>
      <destination>system/modules/org.opencms.ade.properties/resources/properties</destination>
      <type>folder</type>
      <uuidstructure>710686a0-b4a0-4761-8445-2ff526b9aa00</uuidstructure>
      <uuidresource>419b8cb1-4db9-4408-a9cd-9c0a5b1b6134</uuidresource>
      <datelastmodified>Fri, 02 Nov 2012 11:48:07 GMT</datelastmodified>
      <userlastmodified>Admin</userlastmodified>
      <datecreated>Fri, 02 Nov 2012 11:48:07 GMT</datecreated>
      <usercreated>Admin</usercreated>
      <flags>0</flags>
      <properties/>
      <relations/>
      <accesscontrol/>
    </file>
    <file>
      <source>system/modules/org.opencms.ade.properties/resources/properties/7545CE321436F3EA9928049C06BD30F9.gwt.rpc</source>
      <destination>system/modules/org.opencms.ade.properties/resources/properties/7545CE321436F3EA9928049C06BD30F9.gwt.rpc</destination>
      <type>plain</type>
      <uuidstructure>1f8bd8d2-48a1-11e3-a13a-75837d159647</uuidstructure>
      <uuidresource>1f8bffe3-48a1-11e3-a13a-75837d159647</uuidresource>
      <datelastmodified>Fri, 08 Nov 2013 18:11:00 GMT</datelastmodified>
      <userlastmodified>Admin</userlastmodified>
      <datecreated>Fri, 08 Nov 2013 18:11:00 GMT</datecreated>
      <usercreated>Admin</usercreated>
      <flags>0</flags>
      <properties/>
      <relations/>
      <accesscontrol/>
    </file>
    <file>
      <source>system/modules/org.opencms.ade.properties/resources/properties/18B44E99BFC8AD115DA097E37169EFF2.cache.html</source>
      <destination>system/modules/org.opencms.ade.properties/resources/properties/18B44E99BFC8AD115DA097E37169EFF2.cache.html</destination>
      <type>plain</type>
      <uuidstructure>1f8dd4a4-48a1-11e3-a13a-75837d159647</uuidstructure>
      <uuidresource>1f8dfbb5-48a1-11e3-a13a-75837d159647</uuidresource>
      <datelastmodified>Fri, 08 Nov 2013 18:11:00 GMT</datelastmodified>
      <userlastmodified>Admin</userlastmodified>
      <datecreated>Fri, 08 Nov 2013 18:11:00 GMT</datecreated>
      <usercreated>Admin</usercreated>
      <flags>0</flags>
      <properties/>
      <relations/>
      <accesscontrol/>
    </file>
    <file>
      <source>system/modules/org.opencms.ade.properties/resources/properties/4511527703A886B7BBC900D8234A6EAC.cache.html</source>
      <destination>system/modules/org.opencms.ade.properties/resources/properties/4511527703A886B7BBC900D8234A6EAC.cache.html</destination>
      <type>plain</type>
      <uuidstructure>1f8fd076-48a1-11e3-a13a-75837d159647</uuidstructure>
      <uuidresource>1f8ff787-48a1-11e3-a13a-75837d159647</uuidresource>
      <datelastmodified>Fri, 08 Nov 2013 18:11:00 GMT</datelastmodified>
      <userlastmodified>Admin</userlastmodified>
      <datecreated>Fri, 08 Nov 2013 18:11:00 GMT</datecreated>
      <usercreated>Admin</usercreated>
      <flags>0</flags>
      <properties/>
      <relations/>
      <accesscontrol/>
    </file>
    <file>
      <source>system/modules/org.opencms.ade.properties/resources/properties/properties.nocache.js</source>
      <destination>system/modules/org.opencms.ade.properties/resources/properties/properties.nocache.js</destination>
      <type>plain</type>
      <uuidstructure>1f91a538-48a1-11e3-a13a-75837d159647</uuidstructure>
      <uuidresource>1f91cc49-48a1-11e3-a13a-75837d159647</uuidresource>
      <datelastmodified>Fri, 08 Nov 2013 18:11:00 GMT</datelastmodified>
      <userlastmodified>Admin</userlastmodified>
      <datecreated>Fri, 08 Nov 2013 18:11:00 GMT</datecreated>
      <usercreated>Admin</usercreated>
      <flags>0</flags>
      <properties/>
      <relations/>
      <accesscontrol/>
    </file>
    <file>
      <source>system/modules/org.opencms.ade.properties/resources/properties/hosted.html</source>
      <destination>system/modules/org.opencms.ade.properties/resources/properties/hosted.html</destination>
      <type>plain</type>
      <uuidstructure>1f9379fa-48a1-11e3-a13a-75837d159647</uuidstructure>
      <uuidresource>1f93a10b-48a1-11e3-a13a-75837d159647</uuidresource>
      <datelastmodified>Fri, 08 Nov 2013 18:11:00 GMT</datelastmodified>
      <userlastmodified>Admin</userlastmodified>
      <datecreated>Fri, 08 Nov 2013 18:11:00 GMT</datecreated>
      <usercreated>Admin</usercreated>
      <flags>0</flags>
      <properties/>
      <relations/>
      <accesscontrol/>
    </file>
    <file>
      <source>system/modules/org.opencms.ade.properties/resources/properties/3FEA21411B94555A2CFCCC36129C6618.cache.html</source>
      <destination>system/modules/org.opencms.ade.properties/resources/properties/3FEA21411B94555A2CFCCC36129C6618.cache.html</destination>
      <type>plain</type>
      <uuidstructure>1f9527ac-48a1-11e3-a13a-75837d159647</uuidstructure>
      <uuidresource>1f954ebd-48a1-11e3-a13a-75837d159647</uuidresource>
      <datelastmodified>Fri, 08 Nov 2013 18:11:00 GMT</datelastmodified>
      <userlastmodified>Admin</userlastmodified>
      <datecreated>Fri, 08 Nov 2013 18:11:00 GMT</datecreated>
      <usercreated>Admin</usercreated>
      <flags>0</flags>
      <properties/>
      <relations/>
      <accesscontrol/>
    </file>
    <file>
      <source>system/modules/org.opencms.ade.properties/resources/properties/33011E90FC44FE1052D347AA7C26FC97.cache.html</source>
      <destination>system/modules/org.opencms.ade.properties/resources/properties/33011E90FC44FE1052D347AA7C26FC97.cache.html</destination>
      <type>plain</type>
      <uuidstructure>1f96fc6e-48a1-11e3-a13a-75837d159647</uuidstructure>
      <uuidresource>1f96fc6f-48a1-11e3-a13a-75837d159647</uuidresource>
      <datelastmodified>Fri, 08 Nov 2013 18:11:00 GMT</datelastmodified>
      <userlastmodified>Admin</userlastmodified>
      <datecreated>Fri, 08 Nov 2013 18:11:00 GMT</datecreated>
      <usercreated>Admin</usercreated>
      <flags>0</flags>
      <properties/>
      <relations/>
      <accesscontrol/>
    </file>
    <file>
      <source>system/modules/org.opencms.ade.properties/resources/properties/1D80D522EE8BB5DC670B4D53B21B6A50.gwt.rpc</source>
      <destination>system/modules/org.opencms.ade.properties/resources/properties/1D80D522EE8BB5DC670B4D53B21B6A50.gwt.rpc</destination>
      <type>plain</type>
      <uuidstructure>1f98d130-48a1-11e3-a13a-75837d159647</uuidstructure>
      <uuidresource>1f98d131-48a1-11e3-a13a-75837d159647</uuidresource>
      <datelastmodified>Fri, 08 Nov 2013 18:11:00 GMT</datelastmodified>
      <userlastmodified>Admin</userlastmodified>
      <datecreated>Fri, 08 Nov 2013 18:11:00 GMT</datecreated>
      <usercreated>Admin</usercreated>
      <flags>0</flags>
      <properties/>
      <relations/>
      <accesscontrol/>
    </file>
    <file>
      <source>system/modules/org.opencms.ade.properties/resources/properties/clear.cache.gif</source>
      <destination>system/modules/org.opencms.ade.properties/resources/properties/clear.cache.gif</destination>
      <type>image</type>
      <uuidstructure>1f9aa5f2-48a1-11e3-a13a-75837d159647</uuidstructure>
      <uuidresource>1f9acd03-48a1-11e3-a13a-75837d159647</uuidresource>
      <datelastmodified>Fri, 08 Nov 2013 18:11:00 GMT</datelastmodified>
      <userlastmodified>Admin</userlastmodified>
      <datecreated>Fri, 08 Nov 2013 18:11:00 GMT</datecreated>
      <usercreated>Admin</usercreated>
      <flags>0</flags>
      <properties/>
      <relations/>
      <accesscontrol/>
    </file>
    <file>
      <source>system/modules/org.opencms.ade.properties/resources/properties/5BC86A85AE9BB7076AA89C05AE2FB12F.cache.html</source>
      <destination>system/modules/org.opencms.ade.properties/resources/properties/5BC86A85AE9BB7076AA89C05AE2FB12F.cache.html</destination>
      <type>plain</type>
      <uuidstructure>1f9ca1c4-48a1-11e3-a13a-75837d159647</uuidstructure>
      <uuidresource>1f9cc8d5-48a1-11e3-a13a-75837d159647</uuidresource>
      <datelastmodified>Fri, 08 Nov 2013 18:11:00 GMT</datelastmodified>
      <userlastmodified>Admin</userlastmodified>
      <datecreated>Fri, 08 Nov 2013 18:11:00 GMT</datecreated>
      <usercreated>Admin</usercreated>
      <flags>0</flags>
      <properties/>
      <relations/>
      <accesscontrol/>
    </file>
    <file>
      <source>system/modules/org.opencms.ade.properties/resources/properties/614A8351A28C0A4378525F849533D3FF.gwt.rpc</source>
      <destination>system/modules/org.opencms.ade.properties/resources/properties/614A8351A28C0A4378525F849533D3FF.gwt.rpc</destination>
      <type>plain</type>
      <uuidstructure>1f9f12c6-48a1-11e3-a13a-75837d159647</uuidstructure>
      <uuidresource>1f9f60e7-48a1-11e3-a13a-75837d159647</uuidresource>
      <datelastmodified>Fri, 08 Nov 2013 18:11:00 GMT</datelastmodified>
      <userlastmodified>Admin</userlastmodified>
      <datecreated>Fri, 08 Nov 2013 18:11:00 GMT</datecreated>
      <usercreated>Admin</usercreated>
      <flags>0</flags>
      <properties/>
      <relations/>
      <accesscontrol/>
    </file>
  </files>
</export>
