<?xml version="1.0" encoding="UTF-8"?>

<export>
  <info>
    <creator>Admin</creator>
    <opencms_version>9.0.0</opencms_version>
    <createdate>Mon, 09 Jul 2012 08:33:01 GMT</createdate>
    <infoproject>Offline</infoproject>
    <export_version>7</export_version>
  </info>
  <module>
    <name>org.opencms.ade.postupload</name>
    <nicename><![CDATA[OpenCms 9 post-upload dialog]]></nicename>
    <group>OpenCms ADE</group>
    <class/>
    <description><![CDATA[This module provides a dialog for editing the configured default properties of a file after uploading it.<br>
<i>(c) 2013 by Alkacon Software GmbH (http://www.alkacon.com).</i>]]></description>
    <version>9.0.0</version>
    <authorname/>
    <authoremail/>
    <datecreated/>
    <userinstalled/>
    <dateinstalled/>
    <dependencies>
      <dependency name="org.opencms.ade.config" version="9.0.0"/>
    </dependencies>
    <exportpoints>
      <exportpoint uri="/system/modules/org.opencms.ade.postupload/resources/" destination="resources/ade/"/>
    </exportpoints>
    <resources>
      <resource uri="/system/modules/org.opencms.ade.postupload/"/>
    </resources>
  </module>
  <files>
    <file>
      <destination>system</destination>
      <type>folder</type>
      <uuidstructure>a3a72feb-a0f5-11e1-b4cc-9d057d88828d</uuidstructure>
      <datelastmodified>Fri, 18 May 2012 14:27:47 GMT</datelastmodified>
      <userlastmodified>Admin</userlastmodified>
      <datecreated>Fri, 18 May 2012 14:27:47 GMT</datecreated>
      <usercreated>Admin</usercreated>
      <flags>0</flags>
      <properties/>
      <relations/>
      <accesscontrol>
        <accessentry>
          <uuidprincipal>ROLE.WORKPLACE_USER</uuidprincipal>
          <flags>514</flags>
          <permissionset>
            <allowed>1</allowed>
            <denied>0</denied>
          </permissionset>
        </accessentry>
      </accesscontrol>
    </file>
    <file>
      <destination>system/modules</destination>
      <type>folder</type>
      <uuidstructure>a49a68c7-a0f5-11e1-b4cc-9d057d88828d</uuidstructure>
      <datelastmodified>Fri, 18 May 2012 14:27:48 GMT</datelastmodified>
      <userlastmodified>Admin</userlastmodified>
      <datecreated>Fri, 18 May 2012 14:27:48 GMT</datecreated>
      <usercreated>Admin</usercreated>
      <flags>0</flags>
      <properties/>
      <relations/>
      <accesscontrol>
        <accessentry>
          <uuidprincipal>ROLE.WORKPLACE_USER</uuidprincipal>
          <flags>514</flags>
          <permissionset>
            <allowed>5</allowed>
            <denied>0</denied>
          </permissionset>
        </accessentry>
      </accesscontrol>
    </file>
    <file>
      <destination>system/modules/org.opencms.ade.postupload</destination>
      <type>folder</type>
      <uuidstructure>09fc5e87-c4e3-11e1-8bdc-9d057d88828d</uuidstructure>
      <datelastmodified>Tue, 03 Jul 2012 07:45:20 GMT</datelastmodified>
      <userlastmodified>Admin</userlastmodified>
      <datecreated>Tue, 03 Jul 2012 07:45:20 GMT</datecreated>
      <usercreated>Admin</usercreated>
      <flags>0</flags>
      <properties/>
      <relations/>
      <accesscontrol/>
    </file>
    <file>
      <destination>system/modules/org.opencms.ade.postupload/pages</destination>
      <type>folder</type>
      <uuidstructure>62821ccb-c4e3-11e1-8bdc-9d057d88828d</uuidstructure>
      <datelastmodified>Tue, 03 Jul 2012 07:47:48 GMT</datelastmodified>
      <userlastmodified>Admin</userlastmodified>
      <datecreated>Tue, 03 Jul 2012 07:47:48 GMT</datecreated>
      <usercreated>Admin</usercreated>
      <flags>0</flags>
      <properties/>
      <relations/>
      <accesscontrol/>
    </file>
    <file>
      <source>system/modules/org.opencms.ade.postupload/pages/postupload.jsp</source>
      <destination>system/modules/org.opencms.ade.postupload/pages/postupload.jsp</destination>
      <type>jsp</type>
      <uuidstructure>8b5d8dfd-c4e3-11e1-8bdc-9d057d88828d</uuidstructure>
      <uuidresource>8b5d8dfe-c4e3-11e1-8bdc-9d057d88828d</uuidresource>
      <datelastmodified>Tue, 03 Jul 2012 07:50:38 GMT</datelastmodified>
      <userlastmodified>Admin</userlastmodified>
      <datecreated>Tue, 03 Jul 2012 07:48:57 GMT</datecreated>
      <usercreated>Admin</usercreated>
      <flags>0</flags>
      <properties>
        <property type="shared">
          <name>export</name>
          <value><![CDATA[false]]></value>
        </property>
      </properties>
      <relations/>
      <accesscontrol/>
    </file>
    <file>
      <source>system/modules/org.opencms.ade.postupload/pages/postupload_useconfig.jsp</source>
      <destination>system/modules/org.opencms.ade.postupload/pages/postupload_useconfig.jsp</destination>
      <type>jsp</type>
      <uuidstructure>ea643811-375c-4b14-ad4c-3df748f88ea2</uuidstructure>
      <uuidresource>f782375a-1c07-4a01-ba1b-64595e157658</uuidresource>
      <datelastmodified>Tue, 03 Jul 2012 07:50:38 GMT</datelastmodified>
      <userlastmodified>Admin</userlastmodified>
      <datecreated>Tue, 03 Jul 2012 07:48:57 GMT</datecreated>
      <usercreated>Admin</usercreated>
      <flags>0</flags>
      <properties>
        <property type="shared">
          <name>export</name>
          <value><![CDATA[false]]></value>
        </property>
      </properties>
      <relations/>
      <accesscontrol/>
    </file>
    <file>
      <destination>system/modules/org.opencms.ade.postupload/resources</destination>
      <type>folder</type>
      <uuidstructure>17e66189-c4e3-11e1-8bdc-9d057d88828d</uuidstructure>
      <datelastmodified>Tue, 03 Jul 2012 07:45:43 GMT</datelastmodified>
      <userlastmodified>Admin</userlastmodified>
      <datecreated>Tue, 03 Jul 2012 07:45:43 GMT</datecreated>
      <usercreated>Admin</usercreated>
      <flags>0</flags>
      <properties/>
      <relations/>
      <accesscontrol/>
    </file>
    <file>
      <destination>system/modules/org.opencms.ade.postupload/resources/postupload</destination>
      <type>folder</type>
      <uuidstructure>aebaff9b-6026-4609-be22-60d19c195638</uuidstructure>
      <datelastmodified>Tue, 03 Jul 2012 07:45:43 GMT</datelastmodified>
      <userlastmodified>Admin</userlastmodified>
      <datecreated>Tue, 03 Jul 2012 07:45:43 GMT</datecreated>
      <usercreated>Admin</usercreated>
      <flags>0</flags>
      <properties/>
      <relations/>
      <accesscontrol/>
    </file>
    <file>
      <source>system/modules/org.opencms.ade.postupload/resources/postupload/7545CE321436F3EA9928049C06BD30F9.gwt.rpc</source>
      <destination>system/modules/org.opencms.ade.postupload/resources/postupload/7545CE321436F3EA9928049C06BD30F9.gwt.rpc</destination>
      <type>plain</type>
      <uuidstructure>1edbc2f7-48a1-11e3-8a13-b30474d19c62</uuidstructure>
      <uuidresource>1edc1118-48a1-11e3-8a13-b30474d19c62</uuidresource>
      <datelastmodified>Fri, 08 Nov 2013 18:10:59 GMT</datelastmodified>
      <userlastmodified>Admin</userlastmodified>
      <datecreated>Fri, 08 Nov 2013 18:10:59 GMT</datecreated>
      <usercreated>Admin</usercreated>
      <flags>0</flags>
      <properties/>
      <relations/>
      <accesscontrol/>
    </file>
    <file>
      <source>system/modules/org.opencms.ade.postupload/resources/postupload/postupload.nocache.js</source>
      <destination>system/modules/org.opencms.ade.postupload/resources/postupload/postupload.nocache.js</destination>
      <type>plain</type>
      <uuidstructure>1edde5d9-48a1-11e3-8a13-b30474d19c62</uuidstructure>
      <uuidresource>1ede0cea-48a1-11e3-8a13-b30474d19c62</uuidresource>
      <datelastmodified>Fri, 08 Nov 2013 18:10:59 GMT</datelastmodified>
      <userlastmodified>Admin</userlastmodified>
      <datecreated>Fri, 08 Nov 2013 18:10:59 GMT</datecreated>
      <usercreated>Admin</usercreated>
      <flags>0</flags>
      <properties/>
      <relations/>
      <accesscontrol/>
    </file>
    <file>
      <source>system/modules/org.opencms.ade.postupload/resources/postupload/2284C035CB46F9961DD1046B5D478B83.cache.html</source>
      <destination>system/modules/org.opencms.ade.postupload/resources/postupload/2284C035CB46F9961DD1046B5D478B83.cache.html</destination>
      <type>plain</type>
      <uuidstructure>1edfe1ab-48a1-11e3-8a13-b30474d19c62</uuidstructure>
      <uuidresource>1ee008bc-48a1-11e3-8a13-b30474d19c62</uuidresource>
      <datelastmodified>Fri, 08 Nov 2013 18:10:59 GMT</datelastmodified>
      <userlastmodified>Admin</userlastmodified>
      <datecreated>Fri, 08 Nov 2013 18:10:59 GMT</datecreated>
      <usercreated>Admin</usercreated>
      <flags>0</flags>
      <properties/>
      <relations/>
      <accesscontrol/>
    </file>
    <file>
      <source>system/modules/org.opencms.ade.postupload/resources/postupload/4B4AFDC3A678F789353CA9D47C1A86AD.cache.html</source>
      <destination>system/modules/org.opencms.ade.postupload/resources/postupload/4B4AFDC3A678F789353CA9D47C1A86AD.cache.html</destination>
      <type>plain</type>
      <uuidstructure>1ee2048d-48a1-11e3-8a13-b30474d19c62</uuidstructure>
      <uuidresource>1ee22b9e-48a1-11e3-8a13-b30474d19c62</uuidresource>
      <datelastmodified>Fri, 08 Nov 2013 18:10:59 GMT</datelastmodified>
      <userlastmodified>Admin</userlastmodified>
      <datecreated>Fri, 08 Nov 2013 18:10:59 GMT</datecreated>
      <usercreated>Admin</usercreated>
      <flags>0</flags>
      <properties/>
      <relations/>
      <accesscontrol/>
    </file>
    <file>
      <source>system/modules/org.opencms.ade.postupload/resources/postupload/29712A046B3A6FA9B8BF9A874C44BFEE.cache.html</source>
      <destination>system/modules/org.opencms.ade.postupload/resources/postupload/29712A046B3A6FA9B8BF9A874C44BFEE.cache.html</destination>
      <type>plain</type>
      <uuidstructure>1ee3b23f-48a1-11e3-8a13-b30474d19c62</uuidstructure>
      <uuidresource>1ee3d950-48a1-11e3-8a13-b30474d19c62</uuidresource>
      <datelastmodified>Fri, 08 Nov 2013 18:10:59 GMT</datelastmodified>
      <userlastmodified>Admin</userlastmodified>
      <datecreated>Fri, 08 Nov 2013 18:10:59 GMT</datecreated>
      <usercreated>Admin</usercreated>
      <flags>0</flags>
      <properties/>
      <relations/>
      <accesscontrol/>
    </file>
    <file>
      <source>system/modules/org.opencms.ade.postupload/resources/postupload/34AE194D281761A08044E69524BADA85.cache.html</source>
      <destination>system/modules/org.opencms.ade.postupload/resources/postupload/34AE194D281761A08044E69524BADA85.cache.html</destination>
      <type>plain</type>
      <uuidstructure>1ee58701-48a1-11e3-8a13-b30474d19c62</uuidstructure>
      <uuidresource>1ee5ae12-48a1-11e3-8a13-b30474d19c62</uuidresource>
      <datelastmodified>Fri, 08 Nov 2013 18:10:59 GMT</datelastmodified>
      <userlastmodified>Admin</userlastmodified>
      <datecreated>Fri, 08 Nov 2013 18:10:59 GMT</datecreated>
      <usercreated>Admin</usercreated>
      <flags>0</flags>
      <properties/>
      <relations/>
      <accesscontrol/>
    </file>
    <file>
      <source>system/modules/org.opencms.ade.postupload/resources/postupload/hosted.html</source>
      <destination>system/modules/org.opencms.ade.postupload/resources/postupload/hosted.html</destination>
      <type>plain</type>
      <uuidstructure>1ee75bc3-48a1-11e3-8a13-b30474d19c62</uuidstructure>
      <uuidresource>1ee782d4-48a1-11e3-8a13-b30474d19c62</uuidresource>
      <datelastmodified>Fri, 08 Nov 2013 18:10:59 GMT</datelastmodified>
      <userlastmodified>Admin</userlastmodified>
      <datecreated>Fri, 08 Nov 2013 18:10:59 GMT</datecreated>
      <usercreated>Admin</usercreated>
      <flags>0</flags>
      <properties/>
      <relations/>
      <accesscontrol/>
    </file>
    <file>
      <source>system/modules/org.opencms.ade.postupload/resources/postupload/4648F211B72B63F1690F68E32162C719.cache.html</source>
      <destination>system/modules/org.opencms.ade.postupload/resources/postupload/4648F211B72B63F1690F68E32162C719.cache.html</destination>
      <type>plain</type>
      <uuidstructure>1ee95795-48a1-11e3-8a13-b30474d19c62</uuidstructure>
      <uuidresource>1ee97ea6-48a1-11e3-8a13-b30474d19c62</uuidresource>
      <datelastmodified>Fri, 08 Nov 2013 18:10:59 GMT</datelastmodified>
      <userlastmodified>Admin</userlastmodified>
      <datecreated>Fri, 08 Nov 2013 18:10:59 GMT</datecreated>
      <usercreated>Admin</usercreated>
      <flags>0</flags>
      <properties/>
      <relations/>
      <accesscontrol/>
    </file>
    <file>
      <source>system/modules/org.opencms.ade.postupload/resources/postupload/4B27DE896C330DCB38B9FBFB64B5C68E.gwt.rpc</source>
      <destination>system/modules/org.opencms.ade.postupload/resources/postupload/4B27DE896C330DCB38B9FBFB64B5C68E.gwt.rpc</destination>
      <type>plain</type>
      <uuidstructure>1eeb5367-48a1-11e3-8a13-b30474d19c62</uuidstructure>
      <uuidresource>1eeb7a78-48a1-11e3-8a13-b30474d19c62</uuidresource>
      <datelastmodified>Fri, 08 Nov 2013 18:10:59 GMT</datelastmodified>
      <userlastmodified>Admin</userlastmodified>
      <datecreated>Fri, 08 Nov 2013 18:10:59 GMT</datecreated>
      <usercreated>Admin</usercreated>
      <flags>0</flags>
      <properties/>
      <relations/>
      <accesscontrol/>
    </file>
    <file>
      <source>system/modules/org.opencms.ade.postupload/resources/postupload/1D80D522EE8BB5DC670B4D53B21B6A50.gwt.rpc</source>
      <destination>system/modules/org.opencms.ade.postupload/resources/postupload/1D80D522EE8BB5DC670B4D53B21B6A50.gwt.rpc</destination>
      <type>plain</type>
      <uuidstructure>1eed9d59-48a1-11e3-8a13-b30474d19c62</uuidstructure>
      <uuidresource>1eedeb7a-48a1-11e3-8a13-b30474d19c62</uuidresource>
      <datelastmodified>Fri, 08 Nov 2013 18:10:59 GMT</datelastmodified>
      <userlastmodified>Admin</userlastmodified>
      <datecreated>Fri, 08 Nov 2013 18:10:59 GMT</datecreated>
      <usercreated>Admin</usercreated>
      <flags>0</flags>
      <properties/>
      <relations/>
      <accesscontrol/>
    </file>
    <file>
      <source>system/modules/org.opencms.ade.postupload/resources/postupload/clear.cache.gif</source>
      <destination>system/modules/org.opencms.ade.postupload/resources/postupload/clear.cache.gif</destination>
      <type>image</type>
      <uuidstructure>1ef0356b-48a1-11e3-8a13-b30474d19c62</uuidstructure>
      <uuidresource>1ef05c7c-48a1-11e3-8a13-b30474d19c62</uuidresource>
      <datelastmodified>Fri, 08 Nov 2013 18:10:59 GMT</datelastmodified>
      <userlastmodified>Admin</userlastmodified>
      <datecreated>Fri, 08 Nov 2013 18:10:59 GMT</datecreated>
      <usercreated>Admin</usercreated>
      <flags>0</flags>
      <properties/>
      <relations/>
      <accesscontrol/>
    </file>
    <file>
      <source>system/modules/org.opencms.ade.postupload/resources/postupload/614A8351A28C0A4378525F849533D3FF.gwt.rpc</source>
      <destination>system/modules/org.opencms.ade.postupload/resources/postupload/614A8351A28C0A4378525F849533D3FF.gwt.rpc</destination>
      <type>plain</type>
      <uuidstructure>1ef2313d-48a1-11e3-8a13-b30474d19c62</uuidstructure>
      <uuidresource>1ef2584e-48a1-11e3-8a13-b30474d19c62</uuidresource>
      <datelastmodified>Fri, 08 Nov 2013 18:10:59 GMT</datelastmodified>
      <userlastmodified>Admin</userlastmodified>
      <datecreated>Fri, 08 Nov 2013 18:10:59 GMT</datecreated>
      <usercreated>Admin</usercreated>
      <flags>0</flags>
      <properties/>
      <relations/>
      <accesscontrol/>
    </file>
  </files>
</export>
