<?xml version="1.0" encoding="UTF-8"?>

<export>
  <info>
    <creator>Admin</creator>
    <opencms_version>9.0.0</opencms_version>
    <createdate>Thu, 11 Mar 2010 15:38:07 GMT</createdate>
    <infoproject>Offline</infoproject>
    <export_version>7</export_version>
  </info>
  <module>
    <name>org.opencms.ade.galleries</name>
    <nicename><![CDATA[OpenCms 8 ADE Galleries]]></nicename>
    <group>OpenCms ADE</group>
    <class/>
    <description><![CDATA[<p>Gwt based gallery dialog for OpenCms 8<p>
<p><i>(c) 2013 by Alkacon Software GmbH (http://www.alkacon.com).</i></p>]]></description>
    <version>9.0.0</version>
    <authorname><![CDATA[Alkacon Software GmbH]]></authorname>
    <authoremail><![CDATA[info@alkacon.com]]></authoremail>
    <datecreated/>
    <userinstalled/>
    <dateinstalled/>
    <dependencies>
      <dependency name="org.opencms.ade.config" version="9.0.0"/>
    </dependencies>
    <exportpoints>
      <exportpoint uri="/system/modules/org.opencms.ade.galleries/resources/" destination="resources/ade/"/>
    </exportpoints>
    <resources>
      <resource uri="/system/modules/org.opencms.ade.galleries/"/>
      <resource uri="/system/workplace/commons/open_ade_gallery.jsp"/>
    </resources>
  </module>
  <files>
    <file>
      <destination>system</destination>
      <type>folder</type>
      <uuidstructure>36de529b-2d1f-11df-a454-43be96c33985</uuidstructure>
      <datelastmodified>Thu, 11 Mar 2010 15:03:13 GMT</datelastmodified>
      <userlastmodified>Admin</userlastmodified>
      <datecreated>Thu, 11 Mar 2010 15:03:13 GMT</datecreated>
      <usercreated>Admin</usercreated>
      <flags>0</flags>
      <properties/>
      <relations/>
      <accesscontrol>
        <accessentry>
          <uuidprincipal>ROLE.WORKPLACE_USER</uuidprincipal>
          <flags>514</flags>
          <permissionset>
            <allowed>1</allowed>
            <denied>0</denied>
          </permissionset>
        </accessentry>
      </accesscontrol>
    </file>
    <file>
      <destination>system/modules</destination>
      <type>folder</type>
      <uuidstructure>377e1544-2d1f-11df-a454-43be96c33985</uuidstructure>
      <datelastmodified>Thu, 11 Mar 2010 15:03:14 GMT</datelastmodified>
      <userlastmodified>Admin</userlastmodified>
      <datecreated>Thu, 11 Mar 2010 15:03:14 GMT</datecreated>
      <usercreated>Admin</usercreated>
      <flags>0</flags>
      <properties/>
      <relations/>
      <accesscontrol>
        <accessentry>
          <uuidprincipal>ROLE.WORKPLACE_USER</uuidprincipal>
          <flags>514</flags>
          <permissionset>
            <allowed>5</allowed>
            <denied>0</denied>
          </permissionset>
        </accessentry>
      </accesscontrol>
    </file>
    <file>
      <destination>system/modules/org.opencms.ade.galleries</destination>
      <type>folder</type>
      <uuidstructure>b90ebbf5-2d23-11df-abdb-43be96c33985</uuidstructure>
      <datelastmodified>Thu, 11 Mar 2010 15:35:29 GMT</datelastmodified>
      <userlastmodified>Admin</userlastmodified>
      <datecreated>Thu, 11 Mar 2010 15:35:29 GMT</datecreated>
      <usercreated>Admin</usercreated>
      <flags>0</flags>
      <properties/>
      <relations/>
      <accesscontrol/>
    </file>
    <file>
      <source>system/modules/org.opencms.ade.galleries/gallery.jsp</source>
      <destination>system/modules/org.opencms.ade.galleries/gallery.jsp</destination>
      <type>jsp</type>
      <uuidstructure>01e0b3b9-2d24-11df-abdb-43be96c33985</uuidstructure>
      <uuidresource>01e0b3ba-2d24-11df-abdb-43be96c33985</uuidresource>
      <datelastmodified>Thu, 11 Mar 2010 15:37:31 GMT</datelastmodified>
      <userlastmodified>Admin</userlastmodified>
      <datecreated>Thu, 11 Mar 2010 15:37:31 GMT</datecreated>
      <usercreated>Admin</usercreated>
      <flags>0</flags>
      <properties>
        <property type="shared">
          <name>export</name>
          <value><![CDATA[false]]></value>
        </property>
      </properties>
      <relations/>
      <accesscontrol/>
    </file>
    <file>
      <destination>system/modules/org.opencms.ade.galleries/resources</destination>
      <type>folder</type>
      <uuidstructure>ecb7d4f7-2d23-11df-abdb-43be96c33985</uuidstructure>
      <datelastmodified>Thu, 11 Mar 2010 15:36:56 GMT</datelastmodified>
      <userlastmodified>Admin</userlastmodified>
      <datecreated>Thu, 11 Mar 2010 15:36:56 GMT</datecreated>
      <usercreated>Admin</usercreated>
      <flags>0</flags>
      <properties/>
      <relations/>
      <accesscontrol/>
    </file>
    <file>
      <destination>system/modules/org.opencms.ade.galleries/resources/galleries</destination>
      <type>folder</type>
      <uuidstructure>2c1ece75-719f-11e0-8a6a-cd21a79dc8d2</uuidstructure>
      <datelastmodified>Thu, 28 Apr 2011 13:55:27 GMT</datelastmodified>
      <userlastmodified>Admin</userlastmodified>
      <datecreated>Thu, 28 Apr 2011 13:55:27 GMT</datecreated>
      <usercreated>Admin</usercreated>
      <flags>0</flags>
      <properties/>
      <relations/>
      <accesscontrol/>
    </file>
    <file>
      <source>system/modules/org.opencms.ade.galleries/resources/galleries/D41949DD24C87D62357C77C29985C0CE.gwt.rpc</source>
      <destination>system/modules/org.opencms.ade.galleries/resources/galleries/D41949DD24C87D62357C77C29985C0CE.gwt.rpc</destination>
      <type>plain</type>
      <uuidstructure>1e1e17e1-48a1-11e3-a695-45907b7bf113</uuidstructure>
      <uuidresource>1e1e6602-48a1-11e3-a695-45907b7bf113</uuidresource>
      <datelastmodified>Fri, 08 Nov 2013 18:10:58 GMT</datelastmodified>
      <userlastmodified>Admin</userlastmodified>
      <datecreated>Fri, 08 Nov 2013 18:10:58 GMT</datecreated>
      <usercreated>Admin</usercreated>
      <flags>0</flags>
      <properties/>
      <relations/>
      <accesscontrol/>
    </file>
    <file>
      <source>system/modules/org.opencms.ade.galleries/resources/galleries/5CB8DFC2C040A3B61B4DCE4204137961.cache.html</source>
      <destination>system/modules/org.opencms.ade.galleries/resources/galleries/5CB8DFC2C040A3B61B4DCE4204137961.cache.html</destination>
      <type>plain</type>
      <uuidstructure>1e2061d3-48a1-11e3-a695-45907b7bf113</uuidstructure>
      <uuidresource>1e2088e4-48a1-11e3-a695-45907b7bf113</uuidresource>
      <datelastmodified>Fri, 08 Nov 2013 18:10:58 GMT</datelastmodified>
      <userlastmodified>Admin</userlastmodified>
      <datecreated>Fri, 08 Nov 2013 18:10:58 GMT</datecreated>
      <usercreated>Admin</usercreated>
      <flags>0</flags>
      <properties/>
      <relations/>
      <accesscontrol/>
    </file>
    <file>
      <source>system/modules/org.opencms.ade.galleries/resources/galleries/0B1F8B4F9F54D62F5446254696CCC22D.gwt.rpc</source>
      <destination>system/modules/org.opencms.ade.galleries/resources/galleries/0B1F8B4F9F54D62F5446254696CCC22D.gwt.rpc</destination>
      <type>plain</type>
      <uuidstructure>1e225da5-48a1-11e3-a695-45907b7bf113</uuidstructure>
      <uuidresource>1e2284b6-48a1-11e3-a695-45907b7bf113</uuidresource>
      <datelastmodified>Fri, 08 Nov 2013 18:10:58 GMT</datelastmodified>
      <userlastmodified>Admin</userlastmodified>
      <datecreated>Fri, 08 Nov 2013 18:10:58 GMT</datecreated>
      <usercreated>Admin</usercreated>
      <flags>0</flags>
      <properties/>
      <relations/>
      <accesscontrol/>
    </file>
    <file>
      <source>system/modules/org.opencms.ade.galleries/resources/galleries/E0534362E18A03CCE215C398EAD0ECE3.gwt.rpc</source>
      <destination>system/modules/org.opencms.ade.galleries/resources/galleries/E0534362E18A03CCE215C398EAD0ECE3.gwt.rpc</destination>
      <type>plain</type>
      <uuidstructure>1e245977-48a1-11e3-a695-45907b7bf113</uuidstructure>
      <uuidresource>1e248088-48a1-11e3-a695-45907b7bf113</uuidresource>
      <datelastmodified>Fri, 08 Nov 2013 18:10:58 GMT</datelastmodified>
      <userlastmodified>Admin</userlastmodified>
      <datecreated>Fri, 08 Nov 2013 18:10:58 GMT</datecreated>
      <usercreated>Admin</usercreated>
      <flags>0</flags>
      <properties/>
      <relations/>
      <accesscontrol/>
    </file>
    <file>
      <source>system/modules/org.opencms.ade.galleries/resources/galleries/E9B1C021402EC5869293E7082E7791F6.cache.html</source>
      <destination>system/modules/org.opencms.ade.galleries/resources/galleries/E9B1C021402EC5869293E7082E7791F6.cache.html</destination>
      <type>plain</type>
      <uuidstructure>1e262e39-48a1-11e3-a695-45907b7bf113</uuidstructure>
      <uuidresource>1e26554a-48a1-11e3-a695-45907b7bf113</uuidresource>
      <datelastmodified>Fri, 08 Nov 2013 18:10:58 GMT</datelastmodified>
      <userlastmodified>Admin</userlastmodified>
      <datecreated>Fri, 08 Nov 2013 18:10:58 GMT</datecreated>
      <usercreated>Admin</usercreated>
      <flags>0</flags>
      <properties/>
      <relations/>
      <accesscontrol/>
    </file>
    <file>
      <source>system/modules/org.opencms.ade.galleries/resources/galleries/420E1BE8D8A7E24E05DF40F1F8A5EBCD.gwt.rpc</source>
      <destination>system/modules/org.opencms.ade.galleries/resources/galleries/420E1BE8D8A7E24E05DF40F1F8A5EBCD.gwt.rpc</destination>
      <type>plain</type>
      <uuidstructure>1e2802fb-48a1-11e3-a695-45907b7bf113</uuidstructure>
      <uuidresource>1e282a0c-48a1-11e3-a695-45907b7bf113</uuidresource>
      <datelastmodified>Fri, 08 Nov 2013 18:10:58 GMT</datelastmodified>
      <userlastmodified>Admin</userlastmodified>
      <datecreated>Fri, 08 Nov 2013 18:10:58 GMT</datecreated>
      <usercreated>Admin</usercreated>
      <flags>0</flags>
      <properties/>
      <relations/>
      <accesscontrol/>
    </file>
    <file>
      <source>system/modules/org.opencms.ade.galleries/resources/galleries/144D8312A0C82053CB10960F4A165924.gwt.rpc</source>
      <destination>system/modules/org.opencms.ade.galleries/resources/galleries/144D8312A0C82053CB10960F4A165924.gwt.rpc</destination>
      <type>plain</type>
      <uuidstructure>1e29d7bd-48a1-11e3-a695-45907b7bf113</uuidstructure>
      <uuidresource>1e29fece-48a1-11e3-a695-45907b7bf113</uuidresource>
      <datelastmodified>Fri, 08 Nov 2013 18:10:58 GMT</datelastmodified>
      <userlastmodified>Admin</userlastmodified>
      <datecreated>Fri, 08 Nov 2013 18:10:58 GMT</datecreated>
      <usercreated>Admin</usercreated>
      <flags>0</flags>
      <properties/>
      <relations/>
      <accesscontrol/>
    </file>
    <file>
      <source>system/modules/org.opencms.ade.galleries/resources/galleries/7BA0EB85039E520663C5187E99066859.cache.html</source>
      <destination>system/modules/org.opencms.ade.galleries/resources/galleries/7BA0EB85039E520663C5187E99066859.cache.html</destination>
      <type>plain</type>
      <uuidstructure>1e2bd38f-48a1-11e3-a695-45907b7bf113</uuidstructure>
      <uuidresource>1e2bfaa0-48a1-11e3-a695-45907b7bf113</uuidresource>
      <datelastmodified>Fri, 08 Nov 2013 18:10:58 GMT</datelastmodified>
      <userlastmodified>Admin</userlastmodified>
      <datecreated>Fri, 08 Nov 2013 18:10:58 GMT</datecreated>
      <usercreated>Admin</usercreated>
      <flags>0</flags>
      <properties/>
      <relations/>
      <accesscontrol/>
    </file>
    <file>
      <source>system/modules/org.opencms.ade.galleries/resources/galleries/galleries.nocache.js</source>
      <destination>system/modules/org.opencms.ade.galleries/resources/galleries/galleries.nocache.js</destination>
      <type>plain</type>
      <uuidstructure>1e2dcf61-48a1-11e3-a695-45907b7bf113</uuidstructure>
      <uuidresource>1e2df672-48a1-11e3-a695-45907b7bf113</uuidresource>
      <datelastmodified>Fri, 08 Nov 2013 18:10:58 GMT</datelastmodified>
      <userlastmodified>Admin</userlastmodified>
      <datecreated>Fri, 08 Nov 2013 18:10:58 GMT</datecreated>
      <usercreated>Admin</usercreated>
      <flags>0</flags>
      <properties/>
      <relations/>
      <accesscontrol/>
    </file>
    <file>
      <source>system/modules/org.opencms.ade.galleries/resources/galleries/E728175F969A431D90BF045527390875.cache.html</source>
      <destination>system/modules/org.opencms.ade.galleries/resources/galleries/E728175F969A431D90BF045527390875.cache.html</destination>
      <type>plain</type>
      <uuidstructure>1e306773-48a1-11e3-a695-45907b7bf113</uuidstructure>
      <uuidresource>1e308e84-48a1-11e3-a695-45907b7bf113</uuidresource>
      <datelastmodified>Fri, 08 Nov 2013 18:10:58 GMT</datelastmodified>
      <userlastmodified>Admin</userlastmodified>
      <datecreated>Fri, 08 Nov 2013 18:10:58 GMT</datecreated>
      <usercreated>Admin</usercreated>
      <flags>0</flags>
      <properties/>
      <relations/>
      <accesscontrol/>
    </file>
    <file>
      <source>system/modules/org.opencms.ade.galleries/resources/galleries/E477AF412B32E6CC0ED0F2E371F941D8.cache.html</source>
      <destination>system/modules/org.opencms.ade.galleries/resources/galleries/E477AF412B32E6CC0ED0F2E371F941D8.cache.html</destination>
      <type>plain</type>
      <uuidstructure>1e32d875-48a1-11e3-a695-45907b7bf113</uuidstructure>
      <uuidresource>1e32ff86-48a1-11e3-a695-45907b7bf113</uuidresource>
      <datelastmodified>Fri, 08 Nov 2013 18:10:58 GMT</datelastmodified>
      <userlastmodified>Admin</userlastmodified>
      <datecreated>Fri, 08 Nov 2013 18:10:58 GMT</datecreated>
      <usercreated>Admin</usercreated>
      <flags>0</flags>
      <properties/>
      <relations/>
      <accesscontrol/>
    </file>
    <file>
      <source>system/modules/org.opencms.ade.galleries/resources/galleries/hosted.html</source>
      <destination>system/modules/org.opencms.ade.galleries/resources/galleries/hosted.html</destination>
      <type>plain</type>
      <uuidstructure>1e34d447-48a1-11e3-a695-45907b7bf113</uuidstructure>
      <uuidresource>1e352268-48a1-11e3-a695-45907b7bf113</uuidresource>
      <datelastmodified>Fri, 08 Nov 2013 18:10:58 GMT</datelastmodified>
      <userlastmodified>Admin</userlastmodified>
      <datecreated>Fri, 08 Nov 2013 18:10:58 GMT</datecreated>
      <usercreated>Admin</usercreated>
      <flags>0</flags>
      <properties/>
      <relations/>
      <accesscontrol/>
    </file>
    <file>
      <source>system/modules/org.opencms.ade.galleries/resources/galleries/clear.cache.gif</source>
      <destination>system/modules/org.opencms.ade.galleries/resources/galleries/clear.cache.gif</destination>
      <type>image</type>
      <uuidstructure>1e371e39-48a1-11e3-a695-45907b7bf113</uuidstructure>
      <uuidresource>1e37454a-48a1-11e3-a695-45907b7bf113</uuidresource>
      <datelastmodified>Fri, 08 Nov 2013 18:10:58 GMT</datelastmodified>
      <userlastmodified>Admin</userlastmodified>
      <datecreated>Fri, 08 Nov 2013 18:10:58 GMT</datecreated>
      <usercreated>Admin</usercreated>
      <flags>0</flags>
      <properties/>
      <relations/>
      <accesscontrol/>
    </file>
    <file>
      <source>system/modules/org.opencms.ade.galleries/resources/galleries/614A8351A28C0A4378525F849533D3FF.gwt.rpc</source>
      <destination>system/modules/org.opencms.ade.galleries/resources/galleries/614A8351A28C0A4378525F849533D3FF.gwt.rpc</destination>
      <type>plain</type>
      <uuidstructure>1e38cbeb-48a1-11e3-a695-45907b7bf113</uuidstructure>
      <uuidresource>1e38cbec-48a1-11e3-a695-45907b7bf113</uuidresource>
      <datelastmodified>Fri, 08 Nov 2013 18:10:58 GMT</datelastmodified>
      <userlastmodified>Admin</userlastmodified>
      <datecreated>Fri, 08 Nov 2013 18:10:58 GMT</datecreated>
      <usercreated>Admin</usercreated>
      <flags>0</flags>
      <properties/>
      <relations/>
      <accesscontrol/>
    </file>
    <file>
      <destination>system/workplace</destination>
      <type>folder</type>
      <uuidstructure>825afce2-11b7-11db-91cd-fdbae480bac9</uuidstructure>
      <datelastmodified>Mon, 27 Mar 2006 12:00:00 GMT</datelastmodified>
      <userlastmodified>Admin</userlastmodified>
      <datecreated>Mon, 27 Jun 2005 08:00:00 GMT</datecreated>
      <usercreated>Admin</usercreated>
      <flags>0</flags>
      <properties>
        <property>
          <name>content-encoding</name>
          <value><![CDATA[UTF-8]]></value>
        </property>
        <property>
          <name>export</name>
          <value><![CDATA[false]]></value>
        </property>
        <property>
          <name>login-form</name>
          <value><![CDATA[/system/login/index.html]]></value>
        </property>
      </properties>
      <relations/>
      <accesscontrol>
        <accessentry>
          <uuidprincipal>ALL_OTHERS</uuidprincipal>
          <flags>134</flags>
          <permissionset>
            <allowed>0</allowed>
            <denied>0</denied>
          </permissionset>
        </accessentry>
        <accessentry>
          <uuidprincipal>ROLE.WORKPLACE_USER</uuidprincipal>
          <flags>518</flags>
          <permissionset>
            <allowed>5</allowed>
            <denied>0</denied>
          </permissionset>
        </accessentry>
      </accesscontrol>
    </file>
    <file>
      <destination>system/workplace/commons</destination>
      <type>folder</type>
      <uuidstructure>8272cacb-11b7-11db-91cd-fdbae480bac9</uuidstructure>
      <datelastmodified>Mon, 27 Mar 2006 12:00:00 GMT</datelastmodified>
      <userlastmodified>Admin</userlastmodified>
      <datecreated>Mon, 27 Jun 2005 08:00:00 GMT</datecreated>
      <usercreated>Admin</usercreated>
      <flags>0</flags>
      <properties>
        <property>
          <name>cache</name>
          <value><![CDATA[false]]></value>
        </property>
      </properties>
      <relations/>
      <accesscontrol/>
    </file>
    <file>
      <source>system/workplace/commons/open_ade_gallery.jsp</source>
      <destination>system/workplace/commons/open_ade_gallery.jsp</destination>
      <type>jsp</type>
      <uuidstructure>c94f1961-7489-11df-bd01-83befda52004</uuidstructure>
      <uuidresource>c94f1962-7489-11df-bd01-83befda52004</uuidresource>
      <datelastmodified>Thu, 10 Jun 2010 12:16:47 GMT</datelastmodified>
      <userlastmodified>Admin</userlastmodified>
      <datecreated>Thu, 10 Jun 2010 12:14:58 GMT</datecreated>
      <usercreated>Admin</usercreated>
      <flags>0</flags>
      <properties>
        <property>
          <name>Title</name>
          <value><![CDATA[Dialog - Open ADE gallery]]></value>
        </property>
        <property type="shared">
          <name>export</name>
          <value><![CDATA[false]]></value>
        </property>
      </properties>
      <relations/>
      <accesscontrol/>
    </file>
  </files>
</export>
