<?xml version="1.0" encoding="UTF-8"?>

<BootstrapSliders xmlns:xsi="http://www.w3.org/2001/XMLSchema-instance" xsi:noNamespaceSchemaLocation="opencms://system/modules/com.alkacon.bootstrap.schemas/schemas/slider.xsd">
  <BootstrapSlider language="en">
    <Title><![CDATA[OpenCms 9 Promo Slider]]></Title>
    <Duration><![CDATA[6000]]></Duration>
    <Width><![CDATA[900]]></Width>
    <Height><![CDATA[500]]></Height>
    <Item>
      <Image>
        <link type="WEAK">
          <target><![CDATA[/sites/default/.galleries/slider/bg_sl_03.jpg]]></target>
          <uuid>7e882c04-24e9-11e3-9bbf-000c29d28104</uuid>
        </link>
      </Image>
      <Effect><![CDATA[slideleft]]></Effect>
      <Slots><![CDATA[2]]></Slots>
      <Delay><![CDATA[0]]></Delay>
      <Caption>
        <Image>
          <link type="WEAK">
            <target><![CDATA[/sites/default/.galleries/slider/arrows.png]]></target>
            <uuid>1b6b37e5-2511-11e3-91e8-000c29d28104</uuid>
          </link>
        </Image>
        <Class><![CDATA[caption lfl ltr]]></Class>
        <PosX><![CDATA[-450]]></PosX>
        <PosY><![CDATA[115]]></PosY>
        <Start><![CDATA[1500]]></Start>
        <Speed><![CDATA[2000]]></Speed>
        <Easing><![CDATA[easeOutSine]]></Easing>
      </Caption>
      <Caption>
        <Text><![CDATA[WELCOME TO OPENCMS 9]]></Text>
        <Class><![CDATA[caption large_text sfb bg-black-opacity]]></Class>
        <PosX><![CDATA[180]]></PosX>
        <PosY><![CDATA[70]]></PosY>
        <Start><![CDATA[800]]></Start>
        <Speed><![CDATA[600]]></Speed>
        <Easing><![CDATA[easeOutExpo]]></Easing>
      </Caption>
      <Caption>
        <Text><![CDATA[CONTENT MANAGEMENT MADE EASY]]></Text>
        <Class><![CDATA[caption sfb big_black]]></Class>
        <PosX><![CDATA[220]]></PosX>
        <PosY><![CDATA[130]]></PosY>
        <Start><![CDATA[1200]]></Start>
        <Speed><![CDATA[600]]></Speed>
        <Easing><![CDATA[easeOutExpo]]></Easing>
      </Caption>
    </Item>
    <Item>
      <Image>
        <link type="WEAK">
          <target><![CDATA[/sites/default/.galleries/slider/bg_sl_02.jpg]]></target>
          <uuid>278e816f-24e8-11e3-9bbf-000c29d28104</uuid>
        </link>
      </Image>
      <Effect><![CDATA[3dcurtain-vertical]]></Effect>
      <Slots><![CDATA[10]]></Slots>
      <Delay><![CDATA[300]]></Delay>
      <Link>
        <link internal="false" type="WEAK">
          <target><![CDATA[http://www.opencms.org]]></target>
        </link>
      </Link>
      <Caption>
        <Text><![CDATA[MAKE YOUR <span style="color: #ec9637">CONTENT MANAGERS</span> HAPPY!]]></Text>
        <Class><![CDATA[caption large_text bg-black-opacity sfb ltl]]></Class>
        <PosX><![CDATA[0]]></PosX>
        <PosY><![CDATA[35]]></PosY>
        <Start><![CDATA[800]]></Start>
        <Speed><![CDATA[300]]></Speed>
        <Easing><![CDATA[easeOutExpo]]></Easing>
      </Caption>
      <Caption>
        <Image>
          <link type="WEAK">
            <target><![CDATA[/sites/default/.galleries/slider/p1.jpg]]></target>
            <uuid>44c8777d-2457-11e3-adc8-000c297c001d</uuid>
          </link>
        </Image>
        <Class><![CDATA[caption randomrotate]]></Class>
        <PosX><![CDATA[0]]></PosX>
        <PosY><![CDATA[120]]></PosY>
        <Start><![CDATA[1200]]></Start>
        <Speed><![CDATA[1200]]></Speed>
        <Easing><![CDATA[easeOutExpo]]></Easing>
      </Caption>
      <Caption>
        <Image>
          <link type="WEAK">
            <target><![CDATA[/sites/default/.galleries/slider/p5.jpg]]></target>
            <uuid>44edb2d9-2457-11e3-adc8-000c297c001d</uuid>
          </link>
        </Image>
        <Class><![CDATA[caption randomrotate]]></Class>
        <PosX><![CDATA[190]]></PosX>
        <PosY><![CDATA[120]]></PosY>
        <Start><![CDATA[1100]]></Start>
        <Speed><![CDATA[1500]]></Speed>
        <Easing><![CDATA[easeOutExpo]]></Easing>
      </Caption>
      <Caption>
        <Image>
          <link type="WEAK">
            <target><![CDATA[/sites/default/.galleries/slider/p2.jpg]]></target>
            <uuid>44e85ba5-2457-11e3-adc8-000c297c001d</uuid>
          </link>
        </Image>
        <Class><![CDATA[caption randomrotate]]></Class>
        <PosX><![CDATA[380]]></PosX>
        <PosY><![CDATA[120]]></PosY>
        <Start><![CDATA[1300]]></Start>
        <Speed><![CDATA[1200]]></Speed>
        <Easing><![CDATA[easeOutExpo]]></Easing>
      </Caption>
      <Caption>
        <Image>
          <link type="WEAK">
            <target><![CDATA[/sites/default/.galleries/slider/p3.jpg]]></target>
            <uuid>44cdf5c1-2457-11e3-adc8-000c297c001d</uuid>
          </link>
        </Image>
        <Class><![CDATA[caption randomrotate]]></Class>
        <PosX><![CDATA[570]]></PosX>
        <PosY><![CDATA[120]]></PosY>
        <Start><![CDATA[1400]]></Start>
        <Speed><![CDATA[1500]]></Speed>
        <Easing><![CDATA[easeOutExpo]]></Easing>
      </Caption>
      <Caption>
        <Image>
          <link type="WEAK">
            <target><![CDATA[/sites/default/.galleries/slider/p4.jpg]]></target>
            <uuid>44d325e5-2457-11e3-adc8-000c297c001d</uuid>
          </link>
        </Image>
        <Class><![CDATA[caption randomrotate]]></Class>
        <PosX><![CDATA[760]]></PosX>
        <PosY><![CDATA[120]]></PosY>
        <Start><![CDATA[1500]]></Start>
        <Speed><![CDATA[900]]></Speed>
        <Easing><![CDATA[easeOutExpo]]></Easing>
      </Caption>
    </Item>
    <Item>
      <Image>
        <link type="WEAK">
          <target><![CDATA[/sites/default/.galleries/slider/bg_sl_04.jpg]]></target>
          <uuid>9a39c079-24ea-11e3-9bbf-000c29d28104</uuid>
        </link>
      </Image>
      <Effect><![CDATA[slotzoom-horizontal]]></Effect>
      <Slots><![CDATA[5]]></Slots>
      <Delay><![CDATA[600]]></Delay>
      <Caption>
        <Image/>
        <Text><![CDATA[100% OPEN SOURCE]]></Text>
        <Class><![CDATA[caption sft big_black]]></Class>
        <PosX><![CDATA[75]]></PosX>
        <PosY><![CDATA[330]]></PosY>
        <Start><![CDATA[1200]]></Start>
        <Speed><![CDATA[600]]></Speed>
        <Easing><![CDATA[easeOutExpo]]></Easing>
      </Caption>
      <Caption>
        <Text><![CDATA[FULL COMMERCIAL SUPPORT AVAILABLE]]></Text>
        <Class><![CDATA[caption large_text sfb bg-black-opacity]]></Class>
        <PosX><![CDATA[75]]></PosX>
        <PosY><![CDATA[380]]></PosY>
        <Start><![CDATA[1400]]></Start>
        <Speed><![CDATA[600]]></Speed>
        <Easing><![CDATA[easeOutExpo]]></Easing>
        <End><![CDATA[8000]]></End>
      </Caption>
      <Caption>
        <Image>
          <link type="WEAK">
            <target><![CDATA[/sites/default/.galleries/slider/osi_logo.png]]></target>
            <uuid>393462f4-2507-11e3-9bbf-000c29d28104</uuid>
          </link>
        </Image>
        <Class><![CDATA[caption randomrotate]]></Class>
        <PosX><![CDATA[595]]></PosX>
        <PosY><![CDATA[130]]></PosY>
        <Start><![CDATA[900]]></Start>
        <Speed><![CDATA[600]]></Speed>
        <Easing><![CDATA[easeOutExpo]]></Easing>
      </Caption>
    </Item>
    <Item>
      <Image>
        <link type="WEAK">
          <target><![CDATA[/sites/default/.galleries/slider/bg_sl_01.jpg]]></target>
          <uuid>275f340b-24e8-11e3-9bbf-000c29d28104</uuid>
        </link>
      </Image>
      <Effect><![CDATA[papercut]]></Effect>
      <Slots><![CDATA[15]]></Slots>
      <Delay><![CDATA[1500]]></Delay>
      <Caption>
        <Text><![CDATA[START USING OPENCMS 9 TODAY]]></Text>
        <Class><![CDATA[caption very_big_white lft ltb]]></Class>
        <PosX><![CDATA[0]]></PosX>
        <PosY><![CDATA[390]]></PosY>
        <Start><![CDATA[200]]></Start>
        <Speed><![CDATA[600]]></Speed>
        <Easing><![CDATA[easeOutElastic]]></Easing>
        <End><![CDATA[9100]]></End>
        <EndEasing><![CDATA[easeInSine]]></EndEasing>
      </Caption>
      <Caption>
        <Text><![CDATA[DON'T WAIT]]></Text>
        <Class><![CDATA[caption big_black lft ltb]]></Class>
        <PosX><![CDATA[0]]></PosX>
        <PosY><![CDATA[343]]></PosY>
        <Start><![CDATA[600]]></Start>
        <Speed><![CDATA[600]]></Speed>
        <Easing><![CDATA[easeOutElastic]]></Easing>
        <End><![CDATA[8800]]></End>
        <EndEasing><![CDATA[easeInSine]]></EndEasing>
      </Caption>
      <Caption>
        <Image>
          <link type="WEAK">
            <target><![CDATA[/sites/default/.galleries/slider/opencms_logo.png]]></target>
            <uuid>90db6440-2508-11e3-91e8-000c29d28104</uuid>
          </link>
        </Image>
        <Class><![CDATA[caption lft ltb]]></Class>
        <PosX><![CDATA[0]]></PosX>
        <PosY><![CDATA[225]]></PosY>
        <Start><![CDATA[1000]]></Start>
        <Speed><![CDATA[900]]></Speed>
        <Easing><![CDATA[easeOutElastic]]></Easing>
      </Caption>
    </Item>
  </BootstrapSlider>
</BootstrapSliders>
