<?xml version="1.0" encoding="UTF-8"?>

<export>
  <info>
    <creator>Admin</creator>
    <opencms_version>9.0.0</opencms_version>
    <createdate>Thu, 08 Dec 2011 08:18:34 GMT</createdate>
    <infoproject>Offline</infoproject>
    <export_version>7</export_version>
  </info>
  <module>
    <name>org.opencms.ade.publish</name>
    <nicename><![CDATA[OpenCms 9 ADE Publish]]></nicename>
    <group>OpenCms ADE</group>
    <class/>
    <description><![CDATA[<p>Gwt based publish dialog for OpenCms 8<p>
<p><i>(c) 2013 by Alkacon Software GmbH (http://www.alkacon.com).</i></p>]]></description>
    <version>9.0.0</version>
    <authorname/>
    <authoremail/>
    <datecreated/>
    <userinstalled/>
    <dateinstalled/>
    <dependencies>
      <dependency name="org.opencms.ade.config" version="9.0.0"/>
    </dependencies>
    <exportpoints>
      <exportpoint uri="/system/modules/org.opencms.ade.publish/resources/" destination="resources/ade/"/>
    </exportpoints>
    <resources>
      <resource uri="/system/modules/org.opencms.ade.publish/"/>
    </resources>
  </module>
  <files>
    <file>
      <destination>system</destination>
      <type>folder</type>
      <uuidstructure>f233e6a6-20e6-11e1-ac1d-4d6aceb32220</uuidstructure>
      <datelastmodified>Wed, 07 Dec 2011 15:20:07 GMT</datelastmodified>
      <userlastmodified>Admin</userlastmodified>
      <datecreated>Wed, 07 Dec 2011 15:20:07 GMT</datecreated>
      <usercreated>Admin</usercreated>
      <flags>0</flags>
      <properties/>
      <relations/>
      <accesscontrol>
        <accessentry>
          <uuidprincipal>ROLE.WORKPLACE_USER</uuidprincipal>
          <flags>514</flags>
          <permissionset>
            <allowed>1</allowed>
            <denied>0</denied>
          </permissionset>
        </accessentry>
      </accesscontrol>
    </file>
    <file>
      <destination>system/modules</destination>
      <type>folder</type>
      <uuidstructure>f2eb7712-20e6-11e1-ac1d-4d6aceb32220</uuidstructure>
      <datelastmodified>Wed, 07 Dec 2011 15:20:08 GMT</datelastmodified>
      <userlastmodified>Admin</userlastmodified>
      <datecreated>Wed, 07 Dec 2011 15:20:08 GMT</datecreated>
      <usercreated>Admin</usercreated>
      <flags>0</flags>
      <properties/>
      <relations/>
      <accesscontrol>
        <accessentry>
          <uuidprincipal>ROLE.WORKPLACE_USER</uuidprincipal>
          <flags>514</flags>
          <permissionset>
            <allowed>5</allowed>
            <denied>0</denied>
          </permissionset>
        </accessentry>
      </accesscontrol>
    </file>
    <file>
      <destination>system/modules/org.opencms.ade.publish</destination>
      <type>folder</type>
      <uuidstructure>f4a8034b-2174-11e1-a3f6-4d6aceb32220</uuidstructure>
      <datelastmodified>Thu, 08 Dec 2011 08:16:40 GMT</datelastmodified>
      <userlastmodified>Admin</userlastmodified>
      <datecreated>Thu, 08 Dec 2011 08:16:40 GMT</datecreated>
      <usercreated>Admin</usercreated>
      <flags>0</flags>
      <properties/>
      <relations/>
      <accesscontrol/>
    </file>
    <file>
      <source>system/modules/org.opencms.ade.publish/publish.jsp</source>
      <destination>system/modules/org.opencms.ade.publish/publish.jsp</destination>
      <type>jsp</type>
      <uuidstructure>26ada581-2175-11e1-a3f6-4d6aceb32220</uuidstructure>
      <uuidresource>26ada582-2175-11e1-a3f6-4d6aceb32220</uuidresource>
      <datelastmodified>Thu, 08 Dec 2011 08:18:04 GMT</datelastmodified>
      <userlastmodified>Admin</userlastmodified>
      <datecreated>Thu, 08 Dec 2011 08:18:04 GMT</datecreated>
      <usercreated>Admin</usercreated>
      <flags>0</flags>
      <properties>
        <property type="shared">
          <name>export</name>
          <value><![CDATA[false]]></value>
        </property>
        <property>
          <name>login-form</name>
          <value><![CDATA[/system/login/index.html]]></value>
        </property>
      </properties>
      <relations/>
      <accesscontrol>
        <accessentry>
          <uuidprincipal>ALL_OTHERS</uuidprincipal>
          <flags>132</flags>
          <permissionset>
            <allowed>0</allowed>
            <denied>0</denied>
          </permissionset>
        </accessentry>
      </accesscontrol>
    </file>
    <file>
      <destination>system/modules/org.opencms.ade.publish/resources</destination>
      <type>folder</type>
      <uuidstructure>11d83ded-2175-11e1-a3f6-4d6aceb32220</uuidstructure>
      <datelastmodified>Thu, 08 Dec 2011 08:17:29 GMT</datelastmodified>
      <userlastmodified>Admin</userlastmodified>
      <datecreated>Thu, 08 Dec 2011 08:17:29 GMT</datecreated>
      <usercreated>Admin</usercreated>
      <flags>0</flags>
      <properties/>
      <relations/>
      <accesscontrol/>
    </file>
    <file>
      <destination>system/modules/org.opencms.ade.publish/resources/publish</destination>
      <type>folder</type>
      <uuidstructure>19a8ab4f-2175-11e1-a3f6-4d6aceb32220</uuidstructure>
      <datelastmodified>Thu, 08 Dec 2011 08:17:42 GMT</datelastmodified>
      <userlastmodified>Admin</userlastmodified>
      <datecreated>Thu, 08 Dec 2011 08:17:42 GMT</datecreated>
      <usercreated>Admin</usercreated>
      <flags>0</flags>
      <properties/>
      <relations/>
      <accesscontrol/>
    </file>
    <file>
      <source>system/modules/org.opencms.ade.publish/resources/publish/95AC372BA0DAEAE2228D0999DACC7684.cache.html</source>
      <destination>system/modules/org.opencms.ade.publish/resources/publish/95AC372BA0DAEAE2228D0999DACC7684.cache.html</destination>
      <type>plain</type>
      <uuidstructure>207d64c7-48a1-11e3-9418-4d9336860c0c</uuidstructure>
      <uuidresource>207db2e8-48a1-11e3-9418-4d9336860c0c</uuidresource>
      <datelastmodified>Fri, 08 Nov 2013 18:11:02 GMT</datelastmodified>
      <userlastmodified>Admin</userlastmodified>
      <datecreated>Fri, 08 Nov 2013 18:11:02 GMT</datecreated>
      <usercreated>Admin</usercreated>
      <flags>0</flags>
      <properties/>
      <relations/>
      <accesscontrol/>
    </file>
    <file>
      <source>system/modules/org.opencms.ade.publish/resources/publish/6870A027CC9498A2FC46BEA84B2079F6.cache.html</source>
      <destination>system/modules/org.opencms.ade.publish/resources/publish/6870A027CC9498A2FC46BEA84B2079F6.cache.html</destination>
      <type>plain</type>
      <uuidstructure>207f6099-48a1-11e3-9418-4d9336860c0c</uuidstructure>
      <uuidresource>207f87aa-48a1-11e3-9418-4d9336860c0c</uuidresource>
      <datelastmodified>Fri, 08 Nov 2013 18:11:02 GMT</datelastmodified>
      <userlastmodified>Admin</userlastmodified>
      <datecreated>Fri, 08 Nov 2013 18:11:02 GMT</datecreated>
      <usercreated>Admin</usercreated>
      <flags>0</flags>
      <properties/>
      <relations/>
      <accesscontrol/>
    </file>
    <file>
      <source>system/modules/org.opencms.ade.publish/resources/publish/7545CE321436F3EA9928049C06BD30F9.gwt.rpc</source>
      <destination>system/modules/org.opencms.ade.publish/resources/publish/7545CE321436F3EA9928049C06BD30F9.gwt.rpc</destination>
      <type>plain</type>
      <uuidstructure>2081355b-48a1-11e3-9418-4d9336860c0c</uuidstructure>
      <uuidresource>20815c6c-48a1-11e3-9418-4d9336860c0c</uuidresource>
      <datelastmodified>Fri, 08 Nov 2013 18:11:02 GMT</datelastmodified>
      <userlastmodified>Admin</userlastmodified>
      <datecreated>Fri, 08 Nov 2013 18:11:02 GMT</datecreated>
      <usercreated>Admin</usercreated>
      <flags>0</flags>
      <properties/>
      <relations/>
      <accesscontrol/>
    </file>
    <file>
      <source>system/modules/org.opencms.ade.publish/resources/publish/90EE74A1644CA51966C4FD63D96AC1FB.cache.html</source>
      <destination>system/modules/org.opencms.ade.publish/resources/publish/90EE74A1644CA51966C4FD63D96AC1FB.cache.html</destination>
      <type>plain</type>
      <uuidstructure>2083312d-48a1-11e3-9418-4d9336860c0c</uuidstructure>
      <uuidresource>2083583e-48a1-11e3-9418-4d9336860c0c</uuidresource>
      <datelastmodified>Fri, 08 Nov 2013 18:11:02 GMT</datelastmodified>
      <userlastmodified>Admin</userlastmodified>
      <datecreated>Fri, 08 Nov 2013 18:11:02 GMT</datecreated>
      <usercreated>Admin</usercreated>
      <flags>0</flags>
      <properties/>
      <relations/>
      <accesscontrol/>
    </file>
    <file>
      <source>system/modules/org.opencms.ade.publish/resources/publish/5538B09F4A90C1EA55C2652DB1D66A3F.cache.html</source>
      <destination>system/modules/org.opencms.ade.publish/resources/publish/5538B09F4A90C1EA55C2652DB1D66A3F.cache.html</destination>
      <type>plain</type>
      <uuidstructure>2084dedf-48a1-11e3-9418-4d9336860c0c</uuidstructure>
      <uuidresource>208505f0-48a1-11e3-9418-4d9336860c0c</uuidresource>
      <datelastmodified>Fri, 08 Nov 2013 18:11:02 GMT</datelastmodified>
      <userlastmodified>Admin</userlastmodified>
      <datecreated>Fri, 08 Nov 2013 18:11:02 GMT</datecreated>
      <usercreated>Admin</usercreated>
      <flags>0</flags>
      <properties/>
      <relations/>
      <accesscontrol/>
    </file>
    <file>
      <source>system/modules/org.opencms.ade.publish/resources/publish/hosted.html</source>
      <destination>system/modules/org.opencms.ade.publish/resources/publish/hosted.html</destination>
      <type>plain</type>
      <uuidstructure>20868c91-48a1-11e3-9418-4d9336860c0c</uuidstructure>
      <uuidresource>2086b3a2-48a1-11e3-9418-4d9336860c0c</uuidresource>
      <datelastmodified>Fri, 08 Nov 2013 18:11:02 GMT</datelastmodified>
      <userlastmodified>Admin</userlastmodified>
      <datecreated>Fri, 08 Nov 2013 18:11:02 GMT</datecreated>
      <usercreated>Admin</usercreated>
      <flags>0</flags>
      <properties/>
      <relations/>
      <accesscontrol/>
    </file>
    <file>
      <source>system/modules/org.opencms.ade.publish/resources/publish/285D7930C492C536AFFCAB2760E081B8.cache.html</source>
      <destination>system/modules/org.opencms.ade.publish/resources/publish/285D7930C492C536AFFCAB2760E081B8.cache.html</destination>
      <type>plain</type>
      <uuidstructure>20886153-48a1-11e3-9418-4d9336860c0c</uuidstructure>
      <uuidresource>20888864-48a1-11e3-9418-4d9336860c0c</uuidresource>
      <datelastmodified>Fri, 08 Nov 2013 18:11:02 GMT</datelastmodified>
      <userlastmodified>Admin</userlastmodified>
      <datecreated>Fri, 08 Nov 2013 18:11:02 GMT</datecreated>
      <usercreated>Admin</usercreated>
      <flags>0</flags>
      <properties/>
      <relations/>
      <accesscontrol/>
    </file>
    <file>
      <source>system/modules/org.opencms.ade.publish/resources/publish/1D80D522EE8BB5DC670B4D53B21B6A50.gwt.rpc</source>
      <destination>system/modules/org.opencms.ade.publish/resources/publish/1D80D522EE8BB5DC670B4D53B21B6A50.gwt.rpc</destination>
      <type>plain</type>
      <uuidstructure>208a3615-48a1-11e3-9418-4d9336860c0c</uuidstructure>
      <uuidresource>208a3616-48a1-11e3-9418-4d9336860c0c</uuidresource>
      <datelastmodified>Fri, 08 Nov 2013 18:11:02 GMT</datelastmodified>
      <userlastmodified>Admin</userlastmodified>
      <datecreated>Fri, 08 Nov 2013 18:11:02 GMT</datecreated>
      <usercreated>Admin</usercreated>
      <flags>0</flags>
      <properties/>
      <relations/>
      <accesscontrol/>
    </file>
    <file>
      <source>system/modules/org.opencms.ade.publish/resources/publish/clear.cache.gif</source>
      <destination>system/modules/org.opencms.ade.publish/resources/publish/clear.cache.gif</destination>
      <type>image</type>
      <uuidstructure>208c0ad7-48a1-11e3-9418-4d9336860c0c</uuidstructure>
      <uuidresource>208c31e8-48a1-11e3-9418-4d9336860c0c</uuidresource>
      <datelastmodified>Fri, 08 Nov 2013 18:11:02 GMT</datelastmodified>
      <userlastmodified>Admin</userlastmodified>
      <datecreated>Fri, 08 Nov 2013 18:11:02 GMT</datecreated>
      <usercreated>Admin</usercreated>
      <flags>0</flags>
      <properties/>
      <relations/>
      <accesscontrol/>
    </file>
    <file>
      <source>system/modules/org.opencms.ade.publish/resources/publish/publish.nocache.js</source>
      <destination>system/modules/org.opencms.ade.publish/resources/publish/publish.nocache.js</destination>
      <type>plain</type>
      <uuidstructure>208e06a9-48a1-11e3-9418-4d9336860c0c</uuidstructure>
      <uuidresource>208e2dba-48a1-11e3-9418-4d9336860c0c</uuidresource>
      <datelastmodified>Fri, 08 Nov 2013 18:11:02 GMT</datelastmodified>
      <userlastmodified>Admin</userlastmodified>
      <datecreated>Fri, 08 Nov 2013 18:11:02 GMT</datecreated>
      <usercreated>Admin</usercreated>
      <flags>0</flags>
      <properties/>
      <relations/>
      <accesscontrol/>
    </file>
    <file>
      <source>system/modules/org.opencms.ade.publish/resources/publish/614A8351A28C0A4378525F849533D3FF.gwt.rpc</source>
      <destination>system/modules/org.opencms.ade.publish/resources/publish/614A8351A28C0A4378525F849533D3FF.gwt.rpc</destination>
      <type>plain</type>
      <uuidstructure>209077ab-48a1-11e3-9418-4d9336860c0c</uuidstructure>
      <uuidresource>20909ebc-48a1-11e3-9418-4d9336860c0c</uuidresource>
      <datelastmodified>Fri, 08 Nov 2013 18:11:02 GMT</datelastmodified>
      <userlastmodified>Admin</userlastmodified>
      <datecreated>Fri, 08 Nov 2013 18:11:02 GMT</datecreated>
      <usercreated>Admin</usercreated>
      <flags>0</flags>
      <properties/>
      <relations/>
      <accesscontrol/>
    </file>
    <file>
      <source>system/modules/org.opencms.ade.publish/resources/publish/304089F9B718E52EA46FCE3AA7A43056.gwt.rpc</source>
      <destination>system/modules/org.opencms.ade.publish/resources/publish/304089F9B718E52EA46FCE3AA7A43056.gwt.rpc</destination>
      <type>plain</type>
      <uuidstructure>2092e8ad-48a1-11e3-9418-4d9336860c0c</uuidstructure>
      <uuidresource>209336ce-48a1-11e3-9418-4d9336860c0c</uuidresource>
      <datelastmodified>Fri, 08 Nov 2013 18:11:02 GMT</datelastmodified>
      <userlastmodified>Admin</userlastmodified>
      <datecreated>Fri, 08 Nov 2013 18:11:02 GMT</datecreated>
      <usercreated>Admin</usercreated>
      <flags>0</flags>
      <properties/>
      <relations/>
      <accesscontrol/>
    </file>
  </files>
</export>
