<?xml version="1.0" encoding="UTF-8"?>

<export>
  <info>
    <creator>Admin</creator>
    <opencms_version>9.0.0</opencms_version>
    <createdate>Fri, 25 Feb 2011 13:06:35 GMT</createdate>
    <infoproject>Offline</infoproject>
    <export_version>7</export_version>
  </info>
  <module>
    <name>org.opencms.ade.upload</name>
    <nicename><![CDATA[OpenCms 9 ADE Upload]]></nicename>
    <group>OpenCms ADE</group>
    <class/>
    <description><![CDATA[<p>Gwt based upload dialog for OpenCms 8</p>
					 <p><i>(c) 2013 by Alkacon Software GmbH (http://www.alkacon.com).</i></p>]]></description>
    <version>9.0.0</version>
    <authorname><![CDATA[Alkacon Software GmbH]]></authorname>
    <authoremail><![CDATA[info@alkacon.com]]></authoremail>
    <datecreated/>
    <userinstalled/>
    <dateinstalled/>
    <dependencies>
      <dependency name="org.opencms.ade.config" version="9.0.0"/>
    </dependencies>
    <exportpoints>
      <exportpoint uri="/system/modules/org.opencms.ade.upload/resources/" destination="resources/ade/"/>
    </exportpoints>
    <resources>
      <resource uri="/system/modules/org.opencms.ade.upload/"/>
    </resources>
  </module>
  <files>
    <file>
      <destination>system</destination>
      <type>folder</type>
      <uuidstructure>ef0c9a52-40ba-11e0-b520-e756eface22e</uuidstructure>
      <datelastmodified>Fri, 25 Feb 2011 08:40:44 GMT</datelastmodified>
      <userlastmodified>Admin</userlastmodified>
      <datecreated>Fri, 25 Feb 2011 08:40:44 GMT</datecreated>
      <usercreated>Admin</usercreated>
      <flags>0</flags>
      <properties/>
      <relations/>
      <accesscontrol>
        <accessentry>
          <uuidprincipal>ROLE.WORKPLACE_USER</uuidprincipal>
          <flags>514</flags>
          <permissionset>
            <allowed>1</allowed>
            <denied>0</denied>
          </permissionset>
        </accessentry>
      </accesscontrol>
    </file>
    <file>
      <destination>system/modules</destination>
      <type>folder</type>
      <uuidstructure>efc42abe-40ba-11e0-b520-e756eface22e</uuidstructure>
      <datelastmodified>Fri, 25 Feb 2011 08:40:45 GMT</datelastmodified>
      <userlastmodified>Admin</userlastmodified>
      <datecreated>Fri, 25 Feb 2011 08:40:45 GMT</datecreated>
      <usercreated>Admin</usercreated>
      <flags>0</flags>
      <properties/>
      <relations/>
      <accesscontrol>
        <accessentry>
          <uuidprincipal>ROLE.WORKPLACE_USER</uuidprincipal>
          <flags>514</flags>
          <permissionset>
            <allowed>5</allowed>
            <denied>0</denied>
          </permissionset>
        </accessentry>
      </accesscontrol>
    </file>
    <file>
      <destination>system/modules/org.opencms.ade.upload</destination>
      <type>folder</type>
      <uuidstructure>b83a2326-40de-11e0-b044-e756eface22e</uuidstructure>
      <datelastmodified>Fri, 25 Feb 2011 12:56:53 GMT</datelastmodified>
      <userlastmodified>Admin</userlastmodified>
      <datecreated>Fri, 25 Feb 2011 12:56:53 GMT</datecreated>
      <usercreated>Admin</usercreated>
      <flags>0</flags>
      <properties/>
      <relations/>
      <accesscontrol/>
    </file>
    <file>
      <source>system/modules/org.opencms.ade.upload/upload.jsp</source>
      <destination>system/modules/org.opencms.ade.upload/upload.jsp</destination>
      <type>jsp</type>
      <uuidstructure>be9eaf09-40df-11e0-b044-e756eface22e</uuidstructure>
      <uuidresource>be9eaf0a-40df-11e0-b044-e756eface22e</uuidresource>
      <datelastmodified>Fri, 25 Feb 2011 13:04:14 GMT</datelastmodified>
      <userlastmodified>Admin</userlastmodified>
      <datecreated>Fri, 25 Feb 2011 13:04:14 GMT</datecreated>
      <usercreated>Admin</usercreated>
      <flags>0</flags>
      <properties>
        <property type="shared">
          <name>export</name>
          <value><![CDATA[false]]></value>
        </property>
      </properties>
      <relations/>
      <accesscontrol/>
    </file>
    <file>
      <source>system/modules/org.opencms.ade.upload/uploadAction.jsp</source>
      <destination>system/modules/org.opencms.ade.upload/uploadAction.jsp</destination>
      <type>jsp</type>
      <uuidstructure>54fc80dc-287a-11e0-9363-9d0a6b56f130</uuidstructure>
      <uuidresource>54fc80dd-287a-11e0-9363-9d0a6b56f130</uuidresource>
      <datelastmodified>Tue, 25 Jan 2011 13:19:14 GMT</datelastmodified>
      <userlastmodified>Admin</userlastmodified>
      <datecreated>Tue, 25 Jan 2011 11:57:49 GMT</datecreated>
      <usercreated>Admin</usercreated>
      <flags>0</flags>
      <properties>
        <property>
          <name>Title</name>
          <value><![CDATA[The upload JSP]]></value>
        </property>
        <property type="shared">
          <name>export</name>
          <value><![CDATA[false]]></value>
        </property>
      </properties>
      <relations/>
      <accesscontrol/>
    </file>
    <file>
      <destination>system/modules/org.opencms.ade.upload/resources</destination>
      <type>folder</type>
      <uuidstructure>fd5d002c-40df-11e0-b044-e756eface22e</uuidstructure>
      <datelastmodified>Fri, 25 Feb 2011 13:05:59 GMT</datelastmodified>
      <userlastmodified>Admin</userlastmodified>
      <datecreated>Fri, 25 Feb 2011 13:05:59 GMT</datecreated>
      <usercreated>Admin</usercreated>
      <flags>0</flags>
      <properties/>
      <relations/>
      <accesscontrol/>
    </file>
    <file>
      <destination>system/modules/org.opencms.ade.upload/resources/upload</destination>
      <type>folder</type>
      <uuidstructure>2d8a47d6-71ae-11e0-883b-cd21a79dc8d2</uuidstructure>
      <datelastmodified>Thu, 28 Apr 2011 15:42:52 GMT</datelastmodified>
      <userlastmodified>Admin</userlastmodified>
      <datecreated>Thu, 28 Apr 2011 15:42:52 GMT</datecreated>
      <usercreated>Admin</usercreated>
      <flags>0</flags>
      <properties/>
      <relations/>
      <accesscontrol/>
    </file>
    <file>
      <source>system/modules/org.opencms.ade.upload/resources/upload/upload.nocache.js</source>
      <destination>system/modules/org.opencms.ade.upload/resources/upload/upload.nocache.js</destination>
      <type>plain</type>
      <uuidstructure>21de7b25-48a1-11e3-b82e-31d29af0972e</uuidstructure>
      <uuidresource>21dea236-48a1-11e3-b82e-31d29af0972e</uuidresource>
      <datelastmodified>Fri, 08 Nov 2013 18:11:04 GMT</datelastmodified>
      <userlastmodified>Admin</userlastmodified>
      <datecreated>Fri, 08 Nov 2013 18:11:04 GMT</datecreated>
      <usercreated>Admin</usercreated>
      <flags>0</flags>
      <properties/>
      <relations/>
      <accesscontrol/>
    </file>
    <file>
      <source>system/modules/org.opencms.ade.upload/resources/upload/E0534362E18A03CCE215C398EAD0ECE3.gwt.rpc</source>
      <destination>system/modules/org.opencms.ade.upload/resources/upload/E0534362E18A03CCE215C398EAD0ECE3.gwt.rpc</destination>
      <type>plain</type>
      <uuidstructure>21e076f7-48a1-11e3-b82e-31d29af0972e</uuidstructure>
      <uuidresource>21e09e08-48a1-11e3-b82e-31d29af0972e</uuidresource>
      <datelastmodified>Fri, 08 Nov 2013 18:11:04 GMT</datelastmodified>
      <userlastmodified>Admin</userlastmodified>
      <datecreated>Fri, 08 Nov 2013 18:11:04 GMT</datecreated>
      <usercreated>Admin</usercreated>
      <flags>0</flags>
      <properties/>
      <relations/>
      <accesscontrol/>
    </file>
    <file>
      <source>system/modules/org.opencms.ade.upload/resources/upload/E75B1989C4B081E63EF9DFAA12DC0772.cache.html</source>
      <destination>system/modules/org.opencms.ade.upload/resources/upload/E75B1989C4B081E63EF9DFAA12DC0772.cache.html</destination>
      <type>plain</type>
      <uuidstructure>21e24bb9-48a1-11e3-b82e-31d29af0972e</uuidstructure>
      <uuidresource>21e299da-48a1-11e3-b82e-31d29af0972e</uuidresource>
      <datelastmodified>Fri, 08 Nov 2013 18:11:04 GMT</datelastmodified>
      <userlastmodified>Admin</userlastmodified>
      <datecreated>Fri, 08 Nov 2013 18:11:04 GMT</datecreated>
      <usercreated>Admin</usercreated>
      <flags>0</flags>
      <properties/>
      <relations/>
      <accesscontrol/>
    </file>
    <file>
      <source>system/modules/org.opencms.ade.upload/resources/upload/hosted.html</source>
      <destination>system/modules/org.opencms.ade.upload/resources/upload/hosted.html</destination>
      <type>plain</type>
      <uuidstructure>21e4bcbb-48a1-11e3-b82e-31d29af0972e</uuidstructure>
      <uuidresource>21e4e3cc-48a1-11e3-b82e-31d29af0972e</uuidresource>
      <datelastmodified>Fri, 08 Nov 2013 18:11:04 GMT</datelastmodified>
      <userlastmodified>Admin</userlastmodified>
      <datecreated>Fri, 08 Nov 2013 18:11:04 GMT</datecreated>
      <usercreated>Admin</usercreated>
      <flags>0</flags>
      <properties/>
      <relations/>
      <accesscontrol/>
    </file>
    <file>
      <source>system/modules/org.opencms.ade.upload/resources/upload/E3C898066531D1E1045DE64CA5B3675C.cache.html</source>
      <destination>system/modules/org.opencms.ade.upload/resources/upload/E3C898066531D1E1045DE64CA5B3675C.cache.html</destination>
      <type>plain</type>
      <uuidstructure>21e6917d-48a1-11e3-b82e-31d29af0972e</uuidstructure>
      <uuidresource>21e6917e-48a1-11e3-b82e-31d29af0972e</uuidresource>
      <datelastmodified>Fri, 08 Nov 2013 18:11:04 GMT</datelastmodified>
      <userlastmodified>Admin</userlastmodified>
      <datecreated>Fri, 08 Nov 2013 18:11:04 GMT</datecreated>
      <usercreated>Admin</usercreated>
      <flags>0</flags>
      <properties/>
      <relations/>
      <accesscontrol/>
    </file>
    <file>
      <source>system/modules/org.opencms.ade.upload/resources/upload/64F68E7287B01F69432B990A45F9D32B.cache.html</source>
      <destination>system/modules/org.opencms.ade.upload/resources/upload/64F68E7287B01F69432B990A45F9D32B.cache.html</destination>
      <type>plain</type>
      <uuidstructure>21e83f2f-48a1-11e3-b82e-31d29af0972e</uuidstructure>
      <uuidresource>21e86640-48a1-11e3-b82e-31d29af0972e</uuidresource>
      <datelastmodified>Fri, 08 Nov 2013 18:11:04 GMT</datelastmodified>
      <userlastmodified>Admin</userlastmodified>
      <datecreated>Fri, 08 Nov 2013 18:11:04 GMT</datecreated>
      <usercreated>Admin</usercreated>
      <flags>0</flags>
      <properties/>
      <relations/>
      <accesscontrol/>
    </file>
    <file>
      <source>system/modules/org.opencms.ade.upload/resources/upload/150CDA0B03B8BBEB251D4BB2C8AFD57B.cache.html</source>
      <destination>system/modules/org.opencms.ade.upload/resources/upload/150CDA0B03B8BBEB251D4BB2C8AFD57B.cache.html</destination>
      <type>plain</type>
      <uuidstructure>21ea13f1-48a1-11e3-b82e-31d29af0972e</uuidstructure>
      <uuidresource>21ea13f2-48a1-11e3-b82e-31d29af0972e</uuidresource>
      <datelastmodified>Fri, 08 Nov 2013 18:11:04 GMT</datelastmodified>
      <userlastmodified>Admin</userlastmodified>
      <datecreated>Fri, 08 Nov 2013 18:11:04 GMT</datecreated>
      <usercreated>Admin</usercreated>
      <flags>0</flags>
      <properties/>
      <relations/>
      <accesscontrol/>
    </file>
    <file>
      <source>system/modules/org.opencms.ade.upload/resources/upload/1D80D522EE8BB5DC670B4D53B21B6A50.gwt.rpc</source>
      <destination>system/modules/org.opencms.ade.upload/resources/upload/1D80D522EE8BB5DC670B4D53B21B6A50.gwt.rpc</destination>
      <type>plain</type>
      <uuidstructure>21ebe8b3-48a1-11e3-b82e-31d29af0972e</uuidstructure>
      <uuidresource>21ec0fc4-48a1-11e3-b82e-31d29af0972e</uuidresource>
      <datelastmodified>Fri, 08 Nov 2013 18:11:04 GMT</datelastmodified>
      <userlastmodified>Admin</userlastmodified>
      <datecreated>Fri, 08 Nov 2013 18:11:04 GMT</datecreated>
      <usercreated>Admin</usercreated>
      <flags>0</flags>
      <properties/>
      <relations/>
      <accesscontrol/>
    </file>
    <file>
      <source>system/modules/org.opencms.ade.upload/resources/upload/clear.cache.gif</source>
      <destination>system/modules/org.opencms.ade.upload/resources/upload/clear.cache.gif</destination>
      <type>image</type>
      <uuidstructure>21ede485-48a1-11e3-b82e-31d29af0972e</uuidstructure>
      <uuidresource>21ee0b96-48a1-11e3-b82e-31d29af0972e</uuidresource>
      <datelastmodified>Fri, 08 Nov 2013 18:11:04 GMT</datelastmodified>
      <userlastmodified>Admin</userlastmodified>
      <datecreated>Fri, 08 Nov 2013 18:11:04 GMT</datecreated>
      <usercreated>Admin</usercreated>
      <flags>0</flags>
      <properties/>
      <relations/>
      <accesscontrol/>
    </file>
    <file>
      <source>system/modules/org.opencms.ade.upload/resources/upload/02BE93FB91AB0A09AEA53B669E77E864.cache.html</source>
      <destination>system/modules/org.opencms.ade.upload/resources/upload/02BE93FB91AB0A09AEA53B669E77E864.cache.html</destination>
      <type>plain</type>
      <uuidstructure>21f00767-48a1-11e3-b82e-31d29af0972e</uuidstructure>
      <uuidresource>21f02e78-48a1-11e3-b82e-31d29af0972e</uuidresource>
      <datelastmodified>Fri, 08 Nov 2013 18:11:04 GMT</datelastmodified>
      <userlastmodified>Admin</userlastmodified>
      <datecreated>Fri, 08 Nov 2013 18:11:04 GMT</datecreated>
      <usercreated>Admin</usercreated>
      <flags>0</flags>
      <properties/>
      <relations/>
      <accesscontrol/>
    </file>
    <file>
      <source>system/modules/org.opencms.ade.upload/resources/upload/614A8351A28C0A4378525F849533D3FF.gwt.rpc</source>
      <destination>system/modules/org.opencms.ade.upload/resources/upload/614A8351A28C0A4378525F849533D3FF.gwt.rpc</destination>
      <type>plain</type>
      <uuidstructure>21f29f79-48a1-11e3-b82e-31d29af0972e</uuidstructure>
      <uuidresource>21f2c68a-48a1-11e3-b82e-31d29af0972e</uuidresource>
      <datelastmodified>Fri, 08 Nov 2013 18:11:04 GMT</datelastmodified>
      <userlastmodified>Admin</userlastmodified>
      <datecreated>Fri, 08 Nov 2013 18:11:04 GMT</datecreated>
      <usercreated>Admin</usercreated>
      <flags>0</flags>
      <properties/>
      <relations/>
      <accesscontrol/>
    </file>
  </files>
</export>
