<?xml version="1.0" encoding="UTF-8"?>

<BootstrapTabs xmlns:xsi="http://www.w3.org/2001/XMLSchema-instance" xsi:noNamespaceSchemaLocation="opencms://system/modules/com.alkacon.bootstrap.schemas/schemas/tabs.xsd">
  <BootstrapTab language="en">
    <Title><![CDATA[Tabs Demo Element]]></Title>
    <Item>
      <Label><![CDATA[Robust]]></Label>
      <Text name="Text0">
        <links/>
        <content><![CDATA[<p>Lorem ipsum dolor sit amet, consetetur sadipscing elitr, sed diam nonumy eirmod tempor invidunt ut labore et dolore magna aliquyam erat. Consetetur sadipscing elitr, sed diam nonumy eirmod tempor invidunt ut labore et dolore.</p>
<p>Stet clita kasd gubergren, no sea takimata sanctus est Lorem ipsum dolor sit amet. Lorem ipsum dolor sit amet, consetetur sadipscing elitr, sed diam nonumy eirmod tempor invidunt ut labore et dolore magna aliquyam erat.</p>]]></content>
      </Text>
      <Image>
        <link type="WEAK">
          <target><![CDATA[/sites/default/.galleries/samples/08.jpg]]></target>
          <uuid>c4a06009-4705-11e3-8417-000c29d28104</uuid>
        </link>
      </Image>
    </Item>
    <Item>
      <Label><![CDATA[Easy]]></Label>
      <Text name="Text0">
        <links/>
        <content><![CDATA[<p>Lorem ipsum dolor sit amet, consetetur sadipscing elitr, sed diam nonumy eirmod tempor invidunt ut labore et dolore magna aliquyam erat. Consetetur sadipscing elitr, sed diam nonumy eirmod tempor invidunt ut labore et dolore.</p>
<p>Stet clita kasd gubergren, no sea takimata sanctus est Lorem ipsum dolor sit amet. Lorem ipsum dolor sit amet, consetetur sadipscing elitr, sed diam nonumy eirmod tempor invidunt ut labore et dolore magna aliquyam erat.</p>]]></content>
      </Text>
      <Image>
        <link type="WEAK">
          <target><![CDATA[/sites/default/.galleries/samples/06.jpg]]></target>
          <uuid>c33e8613-4705-11e3-8417-000c29d28104</uuid>
        </link>
      </Image>
    </Item>
    <Item>
      <Label><![CDATA[Long Lasting]]></Label>
      <Text name="Text0">
        <links/>
        <content><![CDATA[<p>Lorem ipsum dolor sit amet, consetetur sadipscing elitr, sed diam nonumy eirmod tempor invidunt ut labore et dolore magna aliquyam erat. Consetetur sadipscing elitr, sed diam nonumy eirmod tempor invidunt ut labore et dolore.</p>
<p>Stet clita kasd gubergren, no sea takimata sanctus est Lorem ipsum dolor sit amet. Lorem ipsum dolor sit amet, consetetur sadipscing elitr, sed diam nonumy eirmod tempor invidunt ut labore et dolore magna aliquyam erat.</p>]]></content>
      </Text>
      <Image>
        <link type="WEAK">
          <target><![CDATA[/sites/default/.galleries/samples/15.jpg]]></target>
          <uuid>c8d186ae-4705-11e3-8417-000c29d28104</uuid>
        </link>
      </Image>
    </Item>
  </BootstrapTab>
</BootstrapTabs>
