<?xml version="1.0" encoding="UTF-8"?>

<export>
  <info>
    <creator>Admin</creator>
    <opencms_version>9.0.0</opencms_version>
    <createdate>Wed, 30 Oct 2013 10:22:03 GMT</createdate>
    <infoproject>Offline</infoproject>
    <export_version>7</export_version>
  </info>
  <module>
    <name>com.alkacon.bootstrap.search</name>
    <nicename><![CDATA[Bootstrap Search]]></nicename>
    <group>Bootstrap Template</group>
    <class/>
    <description><![CDATA[The OpenCms 9 bootstrap search.]]></description>
    <version>9.0.0</version>
    <authorname><![CDATA[Alkacon Software GmbH]]></authorname>
    <authoremail><![CDATA[sales@alkacon.com]]></authoremail>
    <datecreated/>
    <userinstalled/>
    <dateinstalled/>
    <dependencies/>
    <exportpoints>
      <exportpoint uri="/system/modules/com.alkacon.bootstrap.search/resources/" destination="resources/ade/"/>
    </exportpoints>
    <resources>
      <resource uri="/system/modules/com.alkacon.bootstrap.search/"/>
    </resources>
    <parameters/>
  </module>
  <files>
    <file>
      <destination>system</destination>
      <type>folder</type>
      <uuidstructure>a862a91b-407b-11e3-85e0-000c297c001d</uuidstructure>
      <datelastmodified>Tue, 29 Oct 2013 09:22:40 GMT</datelastmodified>
      <userlastmodified>Admin</userlastmodified>
      <datecreated>Thu, 01 Jan 1970 00:00:00 GMT</datecreated>
      <usercreated>Admin</usercreated>
      <flags>0</flags>
      <properties/>
      <relations/>
      <accesscontrol>
        <accessentry>
          <uuidprincipal>ROLE.WORKPLACE_USER</uuidprincipal>
          <flags>514</flags>
          <permissionset>
            <allowed>1</allowed>
            <denied>0</denied>
          </permissionset>
        </accessentry>
      </accesscontrol>
    </file>
    <file>
      <destination>system/modules</destination>
      <type>folder</type>
      <uuidstructure>aad9c3d7-407b-11e3-85e0-000c297c001d</uuidstructure>
      <datelastmodified>Tue, 29 Oct 2013 09:22:44 GMT</datelastmodified>
      <userlastmodified>Admin</userlastmodified>
      <datecreated>Tue, 29 Oct 2013 09:22:44 GMT</datecreated>
      <usercreated>Admin</usercreated>
      <flags>0</flags>
      <properties/>
      <relations/>
      <accesscontrol>
        <accessentry>
          <uuidprincipal>ROLE.WORKPLACE_USER</uuidprincipal>
          <flags>514</flags>
          <permissionset>
            <allowed>5</allowed>
            <denied>0</denied>
          </permissionset>
        </accessentry>
      </accesscontrol>
    </file>
    <file>
      <destination>system/modules/com.alkacon.bootstrap.search</destination>
      <type>folder</type>
      <uuidstructure>8f865630-0bc3-11e2-809c-09acdb80abab</uuidstructure>
      <datelastmodified>Mon, 01 Oct 2012 12:28:52 GMT</datelastmodified>
      <userlastmodified>Admin</userlastmodified>
      <datecreated>Mon, 01 Oct 2012 12:28:52 GMT</datecreated>
      <usercreated>Admin</usercreated>
      <flags>0</flags>
      <properties/>
      <relations/>
      <accesscontrol/>
    </file>
    <file>
      <destination>system/modules/com.alkacon.bootstrap.search/resources</destination>
      <type>folder</type>
      <uuidstructure>32b5c7a2-0caf-11e2-a9e2-2b1b08a6835d</uuidstructure>
      <datelastmodified>Mon, 08 Oct 2012 13:37:43 GMT</datelastmodified>
      <userlastmodified>Admin</userlastmodified>
      <datecreated>Tue, 02 Oct 2012 16:35:38 GMT</datecreated>
      <usercreated>Admin</usercreated>
      <flags>0</flags>
      <properties>
        <property>
          <name>export</name>
          <value><![CDATA[true]]></value>
        </property>
      </properties>
      <relations/>
      <accesscontrol/>
    </file>
    <file>
      <destination>system/modules/com.alkacon.bootstrap.search/resources/search</destination>
      <type>folder</type>
      <uuidstructure>3908bcc4-0caf-11e2-a9e2-2b1b08a6835d</uuidstructure>
      <datelastmodified>Tue, 02 Oct 2012 16:35:49 GMT</datelastmodified>
      <userlastmodified>Admin</userlastmodified>
      <datecreated>Tue, 02 Oct 2012 16:35:49 GMT</datecreated>
      <usercreated>Admin</usercreated>
      <flags>0</flags>
      <properties/>
      <relations/>
      <accesscontrol/>
    </file>
    <file>
      <source>system/modules/com.alkacon.bootstrap.search/resources/search/AAE1D7703A6388D43E6F753EF6A3009A.cache.gif</source>
      <destination>system/modules/com.alkacon.bootstrap.search/resources/search/AAE1D7703A6388D43E6F753EF6A3009A.cache.gif</destination>
      <type>image</type>
      <uuidstructure>1af78424-48a1-11e3-9db1-ebb17a88b898</uuidstructure>
      <uuidresource>1af7d245-48a1-11e3-9db1-ebb17a88b898</uuidresource>
      <datelastmodified>Fri, 08 Nov 2013 18:10:53 GMT</datelastmodified>
      <userlastmodified>Admin</userlastmodified>
      <datecreated>Fri, 08 Nov 2013 18:10:53 GMT</datecreated>
      <usercreated>Admin</usercreated>
      <flags>0</flags>
      <properties/>
      <relations/>
      <accesscontrol/>
    </file>
    <file>
      <source>system/modules/com.alkacon.bootstrap.search/resources/search/D02748679F97DE9A350FDA9229EFE588.cache.html</source>
      <destination>system/modules/com.alkacon.bootstrap.search/resources/search/D02748679F97DE9A350FDA9229EFE588.cache.html</destination>
      <type>plain</type>
      <uuidstructure>1af97ff6-48a1-11e3-9db1-ebb17a88b898</uuidstructure>
      <uuidresource>1af97ff7-48a1-11e3-9db1-ebb17a88b898</uuidresource>
      <datelastmodified>Fri, 08 Nov 2013 18:10:53 GMT</datelastmodified>
      <userlastmodified>Admin</userlastmodified>
      <datecreated>Fri, 08 Nov 2013 18:10:53 GMT</datecreated>
      <usercreated>Admin</usercreated>
      <flags>0</flags>
      <properties/>
      <relations/>
      <accesscontrol/>
    </file>
    <file>
      <source>system/modules/com.alkacon.bootstrap.search/resources/search/F0181AFD400438EE78A1909A6FFB383C.cache.html</source>
      <destination>system/modules/com.alkacon.bootstrap.search/resources/search/F0181AFD400438EE78A1909A6FFB383C.cache.html</destination>
      <type>plain</type>
      <uuidstructure>1afb2da8-48a1-11e3-9db1-ebb17a88b898</uuidstructure>
      <uuidresource>1afb54b9-48a1-11e3-9db1-ebb17a88b898</uuidresource>
      <datelastmodified>Fri, 08 Nov 2013 18:10:53 GMT</datelastmodified>
      <userlastmodified>Admin</userlastmodified>
      <datecreated>Fri, 08 Nov 2013 18:10:53 GMT</datecreated>
      <usercreated>Admin</usercreated>
      <flags>0</flags>
      <properties/>
      <relations/>
      <accesscontrol/>
    </file>
    <file>
      <source>system/modules/com.alkacon.bootstrap.search/resources/search/D8B7B3CF1A682BFCEF77BC25640C2FD3.cache.html</source>
      <destination>system/modules/com.alkacon.bootstrap.search/resources/search/D8B7B3CF1A682BFCEF77BC25640C2FD3.cache.html</destination>
      <type>plain</type>
      <uuidstructure>1afd297a-48a1-11e3-9db1-ebb17a88b898</uuidstructure>
      <uuidresource>1afd297b-48a1-11e3-9db1-ebb17a88b898</uuidresource>
      <datelastmodified>Fri, 08 Nov 2013 18:10:53 GMT</datelastmodified>
      <userlastmodified>Admin</userlastmodified>
      <datecreated>Fri, 08 Nov 2013 18:10:53 GMT</datecreated>
      <usercreated>Admin</usercreated>
      <flags>0</flags>
      <properties/>
      <relations/>
      <accesscontrol/>
    </file>
    <file>
      <source>system/modules/com.alkacon.bootstrap.search/resources/search/BB25E6DE6CB0A19D3DB06EDBECCD75D7.cache.html</source>
      <destination>system/modules/com.alkacon.bootstrap.search/resources/search/BB25E6DE6CB0A19D3DB06EDBECCD75D7.cache.html</destination>
      <type>plain</type>
      <uuidstructure>1afed72c-48a1-11e3-9db1-ebb17a88b898</uuidstructure>
      <uuidresource>1afefe3d-48a1-11e3-9db1-ebb17a88b898</uuidresource>
      <datelastmodified>Fri, 08 Nov 2013 18:10:53 GMT</datelastmodified>
      <userlastmodified>Admin</userlastmodified>
      <datecreated>Fri, 08 Nov 2013 18:10:53 GMT</datecreated>
      <usercreated>Admin</usercreated>
      <flags>0</flags>
      <properties/>
      <relations/>
      <accesscontrol/>
    </file>
    <file>
      <source>system/modules/com.alkacon.bootstrap.search/resources/search/hosted.html</source>
      <destination>system/modules/com.alkacon.bootstrap.search/resources/search/hosted.html</destination>
      <type>plain</type>
      <uuidstructure>1b0084de-48a1-11e3-9db1-ebb17a88b898</uuidstructure>
      <uuidresource>1b00abef-48a1-11e3-9db1-ebb17a88b898</uuidresource>
      <datelastmodified>Fri, 08 Nov 2013 18:10:53 GMT</datelastmodified>
      <userlastmodified>Admin</userlastmodified>
      <datecreated>Fri, 08 Nov 2013 18:10:53 GMT</datecreated>
      <usercreated>Admin</usercreated>
      <flags>0</flags>
      <properties/>
      <relations/>
      <accesscontrol/>
    </file>
    <file>
      <source>system/modules/com.alkacon.bootstrap.search/resources/search/DF7764EEC1903CD03C9545B354D8D8E4.cache.png</source>
      <destination>system/modules/com.alkacon.bootstrap.search/resources/search/DF7764EEC1903CD03C9545B354D8D8E4.cache.png</destination>
      <type>image</type>
      <uuidstructure>1b020b80-48a1-11e3-9db1-ebb17a88b898</uuidstructure>
      <uuidresource>1b023291-48a1-11e3-9db1-ebb17a88b898</uuidresource>
      <datelastmodified>Fri, 08 Nov 2013 18:10:53 GMT</datelastmodified>
      <userlastmodified>Admin</userlastmodified>
      <datecreated>Fri, 08 Nov 2013 18:10:53 GMT</datecreated>
      <usercreated>Admin</usercreated>
      <flags>0</flags>
      <properties/>
      <relations/>
      <accesscontrol/>
    </file>
    <file>
      <source>system/modules/com.alkacon.bootstrap.search/resources/search/3952403AD2975F4DD1B9A617D881C0DC.cache.html</source>
      <destination>system/modules/com.alkacon.bootstrap.search/resources/search/3952403AD2975F4DD1B9A617D881C0DC.cache.html</destination>
      <type>plain</type>
      <uuidstructure>1b03e042-48a1-11e3-9db1-ebb17a88b898</uuidstructure>
      <uuidresource>1b040753-48a1-11e3-9db1-ebb17a88b898</uuidresource>
      <datelastmodified>Fri, 08 Nov 2013 18:10:53 GMT</datelastmodified>
      <userlastmodified>Admin</userlastmodified>
      <datecreated>Fri, 08 Nov 2013 18:10:53 GMT</datecreated>
      <usercreated>Admin</usercreated>
      <flags>0</flags>
      <properties/>
      <relations/>
      <accesscontrol/>
    </file>
    <file>
      <source>system/modules/com.alkacon.bootstrap.search/resources/search/search.nocache.js</source>
      <destination>system/modules/com.alkacon.bootstrap.search/resources/search/search.nocache.js</destination>
      <type>plain</type>
      <uuidstructure>1b05b504-48a1-11e3-9db1-ebb17a88b898</uuidstructure>
      <uuidresource>1b05dc15-48a1-11e3-9db1-ebb17a88b898</uuidresource>
      <datelastmodified>Fri, 08 Nov 2013 18:10:53 GMT</datelastmodified>
      <userlastmodified>Admin</userlastmodified>
      <datecreated>Fri, 08 Nov 2013 18:10:53 GMT</datecreated>
      <usercreated>Admin</usercreated>
      <flags>0</flags>
      <properties/>
      <relations/>
      <accesscontrol/>
    </file>
    <file>
      <source>system/modules/com.alkacon.bootstrap.search/resources/search/396F806CD63ABD414BFBB9D57429F05B.cache.png</source>
      <destination>system/modules/com.alkacon.bootstrap.search/resources/search/396F806CD63ABD414BFBB9D57429F05B.cache.png</destination>
      <type>image</type>
      <uuidstructure>1b0789c6-48a1-11e3-9db1-ebb17a88b898</uuidstructure>
      <uuidresource>1b07b0d7-48a1-11e3-9db1-ebb17a88b898</uuidresource>
      <datelastmodified>Fri, 08 Nov 2013 18:10:53 GMT</datelastmodified>
      <userlastmodified>Admin</userlastmodified>
      <datecreated>Fri, 08 Nov 2013 18:10:53 GMT</datecreated>
      <usercreated>Admin</usercreated>
      <flags>0</flags>
      <properties/>
      <relations/>
      <accesscontrol/>
    </file>
    <file>
      <source>system/modules/com.alkacon.bootstrap.search/resources/search/BDA2CF305E0200CD58EF4703F84DA1A0.cache.png</source>
      <destination>system/modules/com.alkacon.bootstrap.search/resources/search/BDA2CF305E0200CD58EF4703F84DA1A0.cache.png</destination>
      <type>image</type>
      <uuidstructure>1b098598-48a1-11e3-9db1-ebb17a88b898</uuidstructure>
      <uuidresource>1b09aca9-48a1-11e3-9db1-ebb17a88b898</uuidresource>
      <datelastmodified>Fri, 08 Nov 2013 18:10:53 GMT</datelastmodified>
      <userlastmodified>Admin</userlastmodified>
      <datecreated>Fri, 08 Nov 2013 18:10:53 GMT</datecreated>
      <usercreated>Admin</usercreated>
      <flags>0</flags>
      <properties/>
      <relations/>
      <accesscontrol/>
    </file>
    <file>
      <source>system/modules/com.alkacon.bootstrap.search/resources/search/clear.cache.gif</source>
      <destination>system/modules/com.alkacon.bootstrap.search/resources/search/clear.cache.gif</destination>
      <type>image</type>
      <uuidstructure>1b0bf69a-48a1-11e3-9db1-ebb17a88b898</uuidstructure>
      <uuidresource>1b0c1dab-48a1-11e3-9db1-ebb17a88b898</uuidresource>
      <datelastmodified>Fri, 08 Nov 2013 18:10:53 GMT</datelastmodified>
      <userlastmodified>Admin</userlastmodified>
      <datecreated>Fri, 08 Nov 2013 18:10:53 GMT</datecreated>
      <usercreated>Admin</usercreated>
      <flags>0</flags>
      <properties/>
      <relations/>
      <accesscontrol/>
    </file>
    <file>
      <source>system/modules/com.alkacon.bootstrap.search/resources/search/BDA6D23A8116AF31CD19607637F037F7.cache.html</source>
      <destination>system/modules/com.alkacon.bootstrap.search/resources/search/BDA6D23A8116AF31CD19607637F037F7.cache.html</destination>
      <type>plain</type>
      <uuidstructure>1b0e408c-48a1-11e3-9db1-ebb17a88b898</uuidstructure>
      <uuidresource>1b0e408d-48a1-11e3-9db1-ebb17a88b898</uuidresource>
      <datelastmodified>Fri, 08 Nov 2013 18:10:53 GMT</datelastmodified>
      <userlastmodified>Admin</userlastmodified>
      <datecreated>Fri, 08 Nov 2013 18:10:53 GMT</datecreated>
      <usercreated>Admin</usercreated>
      <flags>0</flags>
      <properties/>
      <relations/>
      <accesscontrol/>
    </file>
  </files>
</export>
