<?xml version="1.0" encoding="UTF-8"?>

<AlkaconGroupContainers xmlns:xsi="http://www.w3.org/2001/XMLSchema-instance" xsi:noNamespaceSchemaLocation="opencms://system/modules/org.opencms.ade.containerpage/schemas/group_container.xsd">
  <AlkaconGroupContainer language="en">
    <GroupContainers>
      <Title><![CDATA[Demo Footer]]></Title>
      <Description><![CDATA[Page foot for the demo pages]]></Description>
      <Type><![CDATA[content-wide]]></Type>
      <Element>
        <Uri>
          <link type="STRONG">
            <target><![CDATA[/sites/default/demo/.content/flexiblecontents/fc_00002.xml]]></target>
            <uuid>fb30d744-25bf-11e3-9fd8-000c29d28104</uuid>
          </link>
        </Uri>
        <Properties>
          <Name><![CDATA[templateContexts]]></Name>
          <Value>
            <String><![CDATA[mobile]]></String>
          </Value>
        </Properties>
        <Properties>
          <Name><![CDATA[hideTitle]]></Name>
          <Value>
            <String><![CDATA[true]]></String>
          </Value>
        </Properties>
      </Element>
      <Element>
        <Uri>
          <link type="STRONG">
            <target><![CDATA[/sites/default/demo/.content/flexiblecontents/fc_00001.xml]]></target>
            <uuid>9441776c-2526-11e3-91e8-000c29d28104</uuid>
          </link>
        </Uri>
        <Properties>
          <Name><![CDATA[templateContexts]]></Name>
          <Value>
            <String><![CDATA[desktop|tablet]]></String>
          </Value>
        </Properties>
        <Properties>
          <Name><![CDATA[hideTitle]]></Name>
          <Value>
            <String><![CDATA[true]]></String>
          </Value>
        </Properties>
      </Element>
    </GroupContainers>
  </AlkaconGroupContainer>
</AlkaconGroupContainers>
